protein	DEIRA	STRCO	THEMA	BRAJA	ECOLI	PSEA7	GEOSL	AQUAE	CHLTA	GLOVI	CHLAA	LEPIN	BACSU	BACTN	SULSO	METAC	DICDI	ENTHI	ARATH	ORYSJ	CHLRE	LEIMA	PLAYO	TETTH	CAEEL	CAEBR	ANOGA	DROME	XENTR	CHICK	MONDO	RAT	MOUSE	MACMU	HUMAN	PANTR	CANFA	BOVIN	ORNAN	FUGRU	DANRE	CIOIN	STRPU	SCHPO	NEUCR	EMENI	ASHGO	YEAST
ENSG00000127990~O43556~SGCE	0	0	0	0	0	0	0	0	0	0	0	0	0	0	0	0	0	0	0	0	0	0	0	0	0	0	1	1	2	1	1	1	1	1	1	1	1	1	1	1	1	0	1	0	0	0	0	0
ENSG00000138002~Q9UG01~IFT172	0	0	0	0	0	0	0	0	0	0	0	0	0	0	0	0	0	0	0	0	1	1	0	1	1	1	1	1	1	1	1	1	1	1	1	1	1	1	1	1	1	1	2	0	0	0	0	0
ENSG00000100815~Q15643~TRIP11	0	0	0	0	0	0	0	0	0	0	0	0	0	0	0	0	0	0	0	0	0	0	0	0	1	0	1	1	1	1	1	1	1	2	1	1	1	1	1	1	0	0	0	0	0	0	0	0
ENSG00000204248~P13942~COL11A2	0	0	0	0	0	0	0	0	0	0	0	0	0	0	0	0	0	0	0	0	0	0	0	0	0	0	1	0	2	2	4	4	4	2	4	3	4	2	3	6	3	1	1	0	0	0	0	0
ENSG00000165119~P61978~HNRNPK	0	0	0	0	0	0	0	0	0	0	0	0	0	0	0	0	0	0	0	0	0	0	0	0	1	1	1	1	1	2	2	1	1	2	1	1	2	1	1	1	2	1	2	0	0	0	0	0
ENSG00000100997~Q8N2K0~ABHD12	1	0	0	1	0	0	0	0	0	0	0	1	0	0	0	1	0	0	0	0	0	0	0	0	1	1	1	1	1	1	1	1	2	2	2	2	2	1	2	2	2	1	0	0	1	1	0	0
ENSG00000142156~P12109~COL6A1	0	0	0	0	0	0	0	0	0	0	0	0	0	0	0	0	0	0	0	0	0	0	0	0	0	0	0	0	1	1	1	1	1	1	1	1	1	1	1	1	0	0	0	0	0	0	0	0
ENSG00000186765~O14926~FSCN2	0	0	0	0	0	0	0	0	0	0	0	0	0	0	0	0	0	0	0	0	0	0	0	0	0	0	0	0	1	1	1	1	1	1	1	1	1	1	0	2	2	0	0	0	0	0	0	0
ENSG00000171532~Q15784~NEUROD2	0	0	0	0	0	0	0	0	0	0	0	0	0	0	0	0	0	0	0	0	0	0	0	0	0	0	0	0	1	0	1	1	1	1	1	1	1	1	1	3	1	0	0	0	0	0	0	0
ENSG00000104133~Q96JI7~SPG11	0	0	0	0	0	0	0	0	0	0	0	0	0	0	0	0	0	0	0	0	0	0	0	0	0	0	1	1	2	1	1	1	2	1	1	1	1	1	2	1	1	0	1	0	0	0	0	0
ENSG00000155657~Q8WZ42~TTN	0	0	0	0	0	0	0	0	0	0	0	0	0	0	1	0	0	0	0	0	0	0	0	0	4	4	3	2	7	4	8	9	5	9	4	5	5	11	9	10	8	4	5	0	0	0	0	0
ENSG00000129159~P48547~KCNC1	0	0	0	0	0	0	0	0	0	0	0	0	0	0	0	0	0	0	0	0	0	0	0	0	2	1	2	1	3	2	3	4	4	3	4	3	2	3	4	3	7	0	1	0	0	0	0	0
ENSG00000096968~O60674~JAK2	0	0	0	0	0	0	0	0	0	0	0	0	0	0	0	0	0	0	0	0	0	0	0	0	0	0	1	1	3	4	3	4	4	2	4	3	3	4	2	4	5	1	1	0	0	0	0	0
ENSG00000131089~O43307~ARHGEF9	0	0	0	0	0	0	0	0	0	0	0	0	0	0	0	0	1	0	0	0	0	0	0	0	0	0	1	1	1	3	3	3	3	2	3	2	3	3	3	2	3	1	1	0	0	0	0	1
ENSG00000171298~P10253~GAA	0	0	0	0	0	0	0	0	0	0	0	0	0	1	0	0	1	0	3	3	1	0	0	7	2	2	0	0	2	4	5	3	4	5	5	5	6	3	6	3	1	4	3	3	3	4	0	0
ENSG00000099204~O14639~ABLIM1	0	0	0	0	0	0	0	0	0	0	0	0	0	0	0	0	0	0	0	0	0	0	0	0	1	1	1	2	1	2	3	3	3	3	3	1	3	3	2	4	5	0	1	0	0	0	0	0
ENSG00000068078~P22607~FGFR3	0	0	0	0	0	0	0	0	0	0	0	0	0	0	0	0	0	0	0	0	0	0	0	0	1	1	1	2	4	3	4	4	4	2	4	2	3	3	4	5	4	1	1	0	0	0	0	0
ENSG00000171206~Q9BZR9~TRIM8	0	0	0	0	0	0	0	0	0	0	0	0	0	0	0	0	0	0	0	0	0	0	0	0	0	0	0	0	0	1	1	2	1	1	1	1	1	1	1	1	3	0	0	0	0	0	0	0
ENSG00000130827~P51805~PLXNA3	0	0	0	0	0	0	0	0	0	0	0	0	0	0	0	0	0	0	0	0	0	0	0	0	1	1	2	2	10	6	9	8	8	8	8	8	8	7	11	11	11	3	6	0	0	0	0	0
ENSG00000157766~P16112~ACAN	0	0	0	0	0	0	0	0	0	0	0	0	0	0	0	0	0	0	0	0	0	0	0	0	1	1	0	0	1	1	1	1	1	1	1	1	1	1	2	1	1	0	0	0	0	0	0	0
ENSG00000167085~P35232~PHB	0	0	0	0	0	0	0	0	0	0	0	0	0	0	0	0	1	0	2	2	1	1	1	1	1	1	1	1	1	1	1	1	2	1	1	1	1	1	1	1	1	1	1	1	1	1	1	1
ENSG00000139613~Q8TAQ2~SMARCC2	0	0	0	0	0	0	0	0	0	0	0	0	0	0	0	0	1	0	3	3	0	0	0	1	1	1	1	1	2	0	1	3	2	2	2	2	2	2	1	3	1	0	2	2	1	1	2	2
ENSG00000004399~Q9Y4D7~PLXND1	0	0	0	0	0	0	0	0	0	0	0	0	0	0	0	0	0	0	0	0	0	0	0	0	1	1	2	2	10	6	9	8	8	8	8	8	8	7	11	11	11	3	6	0	0	0	0	0
ENSG00000103051~Q9H9E3~COG4	0	0	0	0	0	0	0	0	0	0	0	0	0	0	0	0	2	0	1	0	1	0	1	1	1	1	1	1	1	1	1	1	1	1	1	1	1	1	1	1	1	0	3	1	1	1	1	1
ENSG00000154734~Q9UHI8~ADAMTS1	0	0	0	0	0	0	0	0	0	0	0	0	0	0	0	0	0	0	0	0	0	0	0	0	1	1	1	1	8	6	6	7	7	6	7	5	8	6	5	7	5	1	1	0	0	0	0	0
ENSG00000114279~P61328~FGF12	0	0	0	0	0	0	0	0	0	0	0	0	0	0	0	0	0	0	0	0	0	0	0	0	0	0	0	0	1	1	1	1	1	1	1	1	0	1	0	0	1	0	0	0	0	0	0	0
ENSG00000163602~Q8N488~RYBP	0	0	0	0	0	0	0	0	0	0	0	0	0	0	0	0	0	0	0	0	0	0	0	0	0	0	0	0	1	1	1	1	1	1	1	1	1	1	1	1	3	0	0	0	0	0	0	0
ENSG00000058404~Q13554~CAMK2B	0	0	0	0	0	0	0	0	0	0	0	0	0	0	0	0	5	3	30	26	3	0	3	9	2	2	2	2	5	6	6	7	7	5	7	7	5	6	5	10	12	3	3	1	2	2	1	1
ENSG00000101986~P33897~ABCD1	0	0	0	0	0	0	0	0	0	0	0	0	0	0	0	0	0	0	0	0	0	1	0	0	1	1	1	1	1	1	2	2	2	2	2	1	2	2	2	2	1	1	3	0	2	2	2	2
ENSG00000027001~Q99797~MIPEP	0	0	0	0	0	0	0	0	0	0	0	0	0	0	0	0	0	0	1	1	1	1	0	1	1	1	1	1	1	1	1	1	1	1	1	0	1	1	1	1	1	1	1	1	1	0	1	1
ENSG00000143614~Q8WXI9~GATAD2B	0	0	0	0	0	0	0	0	0	0	0	0	0	0	0	0	0	0	0	0	0	0	0	0	0	0	0	0	0	0	0	0	0	0	1	0	0	0	0	0	0	0	0	0	0	0	0	0
ENSG00000196159~Q6V0I7~FAT4	0	0	0	1	0	0	0	0	0	0	0	0	0	0	0	0	0	0	0	0	0	0	0	0	3	3	12	5	9	10	7	8	8	8	8	6	9	8	8	12	12	4	10	0	0	0	0	0
ENSG00000198793~P42345~MTOR	0	0	0	0	0	0	0	0	0	0	0	0	0	0	0	0	1	2	1	1	1	2	0	2	1	1	1	1	2	1	1	1	1	1	1	1	1	1	2	1	1	1	3	2	1	1	1	2
ENSG00000171462~Q6UY11~DLK2	0	0	0	0	0	0	0	0	0	0	0	0	0	0	0	0	0	0	0	0	0	0	0	0	0	0	0	0	1	1	1	1	1	1	1	1	1	1	0	0	0	0	0	0	0	0	0	0
ENSG00000160949~Q96HA7~TONSL	0	0	0	0	0	0	0	0	0	0	0	0	0	0	0	0	0	0	0	0	0	0	0	0	0	0	1	1	1	0	1	1	1	1	1	1	1	1	2	1	3	1	2	0	0	0	0	0
ENSG00000141431~Q9C0F0~ASXL3	0	0	0	0	0	0	0	0	0	0	0	0	0	0	0	0	0	0	0	0	0	0	0	0	0	0	0	1	1	1	1	1	1	1	1	1	1	1	1	0	0	0	1	0	0	0	0	0
ENSG00000053900~Q9UJX5~ANAPC4	0	0	0	0	0	0	0	0	0	0	0	0	0	0	0	0	0	0	1	1	0	0	0	1	0	0	1	1	1	1	1	1	1	1	1	1	1	1	1	1	1	2	3	1	1	1	0	0
ENSG00000083857~Q14517~FAT1	0	0	0	1	0	0	0	0	0	0	0	0	0	0	0	0	0	0	0	0	0	0	0	0	3	3	12	5	9	10	7	8	8	8	8	6	9	8	8	12	12	4	10	0	0	0	0	0
ENSG00000119669~Q9H1B7~IRF2BPL	0	0	0	0	0	0	0	0	0	0	0	0	0	0	0	0	0	0	0	0	0	0	0	0	0	0	0	0	1	1	1	1	1	1	1	1	1	1	0	0	1	0	1	0	0	0	0	0
ENSG00000141519~Q4G0X9~CCDC40	0	0	0	0	0	0	0	0	0	0	0	0	0	0	0	0	0	0	0	0	1	1	0	1	0	0	1	0	1	1	1	1	1	1	1	1	1	1	1	0	1	0	3	0	0	0	0	0
ENSG00000107099~Q8NF50~DOCK8	0	0	0	0	0	0	0	0	0	0	0	0	0	0	0	0	2	1	1	1	0	0	0	0	2	1	2	2	6	4	6	5	6	5	6	5	6	8	8	5	4	2	2	0	0	0	0	0
ENSG00000084073~O75844~ZMPSTE24	0	0	0	0	0	0	1	0	0	0	0	0	1	0	0	0	1	1	1	1	0	1	0	1	1	1	1	1	2	1	1	1	1	1	1	1	1	0	1	1	1	1	1	1	1	0	1	1
ENSG00000171456~Q8IXJ9~ASXL1	0	0	0	0	0	0	0	0	0	0	0	0	0	0	0	0	0	0	0	0	0	0	0	0	0	0	0	0	0	1	1	0	1	0	1	1	1	1	0	0	0	0	0	0	0	0	0	0
ENSG00000119335~Q01105~SET	0	0	0	0	0	0	0	0	0	0	0	0	0	0	0	0	1	0	2	2	1	0	1	0	1	1	1	1	1	1	2	2	2	2	1	1	1	1	1	1	2	1	1	0	0	0	0	0
ENSG00000101134~Q9P104~DOK5	0	0	0	0	0	0	0	0	0	0	0	0	0	0	0	0	0	0	0	0	0	0	0	0	0	0	0	0	1	1	1	1	1	1	1	1	1	0	1	0	0	0	0	0	0	0	0	0
ENSG00000164087~Q8NBT0~POC1A	0	0	0	0	0	0	0	0	0	0	0	0	0	0	0	0	0	0	0	0	1	1	0	1	0	0	1	1	2	2	2	1	2	1	2	1	1	2	2	2	1	1	2	0	0	0	0	0
ENSG00000132872~Q9H2B2~SYT4	0	0	0	0	0	0	0	0	0	0	0	0	0	0	0	0	0	0	0	0	0	0	0	0	1	0	0	0	0	1	1	1	1	1	1	1	1	1	1	1	1	0	0	0	0	0	0	0
ENSG00000124222~O14662~STX16	0	0	0	0	0	0	0	0	0	0	0	0	0	0	0	0	2	2	3	1	1	2	1	2	1	0	1	1	1	1	1	1	1	1	1	1	1	1	1	1	1	0	0	1	1	1	1	1
ENSG00000135454~Q00973~B4GALNT1	0	0	0	0	0	0	0	0	0	0	0	0	0	0	0	0	0	0	0	0	0	0	0	0	0	0	0	0	1	0	1	1	1	1	1	1	1	1	0	2	1	0	0	0	0	0	0	0
ENSG00000085185~Q5H9F3~BCORL1	0	0	0	0	0	0	0	0	0	0	0	0	0	0	0	0	0	0	0	0	0	0	0	0	0	0	0	0	1	1	1	1	1	1	1	1	1	1	1	1	0	0	0	0	0	0	0	0
ENSG00000131095~P14136~GFAP	0	0	0	0	0	0	0	0	0	0	0	0	0	0	0	0	0	0	0	0	0	0	0	0	0	0	0	0	0	1	1	1	1	1	1	0	1	1	0	1	1	1	0	0	0	0	0	0
ENSG00000172893~Q9UBM7~DHCR7	0	0	0	0	0	0	0	0	0	0	0	0	0	0	0	0	0	0	1	1	0	0	0	1	1	1	0	0	1	1	1	1	1	1	1	1	1	1	1	1	1	1	1	0	0	0	0	0
ENSG00000138814~Q08209~PPP3CA	0	0	0	0	0	0	0	0	0	0	0	0	0	0	0	0	1	8	0	0	0	1	1	2	1	1	1	3	3	2	2	3	3	2	3	3	3	3	2	3	4	1	0	1	1	1	1	2
ENSG00000108883~Q15029~EFTUD2	0	0	0	0	0	0	0	0	0	0	0	0	0	0	1	1	4	5	3	5	2	2	2	7	2	2	1	2	3	2	3	2	2	2	2	2	2	3	1	2	5	3	3	3	2	2	1	2
ENSG00000143970~Q76L83~ASXL2	0	0	0	0	0	0	0	0	0	0	0	0	0	0	0	0	0	0	0	0	0	0	0	0	0	0	0	0	1	1	1	1	1	1	1	1	1	1	1	0	0	0	0	0	0	0	0	0
ENSG00000175084~P17661~DES	0	0	0	0	0	0	0	0	0	0	0	0	0	0	0	0	0	0	0	0	0	0	0	0	0	0	0	0	1	0	1	1	1	1	1	1	1	1	1	2	2	0	0	0	0	0	0	0
ENSG00000124615~Q9NZB8~MOCS1	1	1	0	1	1	2	1	1	0	1	1	1	1	0	1	1	0	0	1	2	1	0	0	0	2	1	1	1	1	1	0	1	1	1	1	1	1	1	1	1	0	0	1	0	1	1	0	0
ENSG00000145348~Q8TEA7~TBCK	0	0	0	0	0	0	0	0	0	0	0	0	0	0	0	0	1	1	0	0	0	1	0	0	1	1	1	1	1	1	1	1	1	2	1	1	1	1	1	1	1	1	2	0	0	0	0	0
ENSG00000161533~Q15067~ACOX1	0	0	0	0	0	0	0	0	0	0	0	0	0	0	0	0	1	0	2	1	1	0	0	4	6	2	1	3	1	1	1	1	1	1	1	1	1	1	1	0	1	1	2	0	0	2	1	1
ENSG00000039068~P12830~CDH1	0	0	0	0	0	0	0	0	0	0	0	0	0	0	0	0	0	0	0	0	0	0	0	0	0	0	0	0	3	3	4	4	4	4	4	4	2	4	4	8	8	1	0	0	0	0	0	0
ENSG00000183765~O96017~CHEK2	1	0	0	0	0	0	0	0	0	0	0	0	0	0	0	0	2	1	1	0	0	0	0	0	2	0	2	1	1	1	1	1	1	1	1	1	1	1	2	1	1	1	1	1	1	1	1	1
ENSG00000165458~O15357~INPPL1	0	0	0	0	0	0	0	0	0	0	0	0	0	0	0	0	1	0	0	0	0	0	0	0	0	0	0	0	1	2	2	2	2	1	2	1	2	2	2	3	3	1	5	0	0	0	0	0
ENSG00000163359~P12111~COL6A3	0	0	0	0	0	0	0	0	0	0	0	0	0	0	0	0	0	0	0	0	0	0	0	0	0	0	0	0	2	2	4	6	3	3	3	3	4	3	4	2	0	0	0	0	0	0	0	0
ENSG00000106462~Q15910~EZH2	0	0	0	0	0	0	0	0	0	0	0	0	0	0	0	0	0	0	1	0	0	0	0	1	0	0	1	1	1	2	3	2	2	2	2	2	2	2	1	1	2	1	3	0	0	0	0	0
ENSG00000185129~Q00577~PURA	0	0	0	0	0	0	0	0	0	0	0	0	0	0	0	0	0	0	1	1	1	0	0	0	2	1	1	1	1	0	1	1	1	1	1	1	1	1	0	1	2	1	1	0	0	0	0	0
ENSG00000101126~Q9H2P0~ADNP	0	0	0	0	0	0	0	0	0	0	0	0	0	0	0	0	0	0	0	0	0	0	0	0	0	0	0	0	1	1	1	1	1	1	1	1	1	1	1	2	1	0	0	0	0	0	0	0
ENSG00000172869~Q9Y485~DMXL1	0	0	0	0	0	0	0	0	0	0	0	0	0	0	0	0	1	0	1	1	0	0	0	0	1	1	1	1	2	1	2	3	2	2	2	2	2	2	3	2	2	1	1	0	0	0	0	0
ENSG00000133422~Q9Y6X9~MORC2	0	0	0	0	0	0	0	0	0	0	0	0	0	0	0	0	0	0	0	1	0	0	0	0	0	0	0	0	1	0	1	2	2	1	1	1	1	1	1	1	1	1	3	0	0	0	0	0
ENSG00000052850~Q9H161~ALX4	0	0	0	0	0	0	0	0	0	0	0	0	0	0	0	0	0	0	0	0	0	0	0	0	0	0	0	0	1	1	1	1	1	1	1	1	1	1	1	2	0	0	2	0	0	0	0	0
ENSG00000096696~P15924~DSP	0	0	0	0	0	0	0	0	0	0	0	0	0	0	0	0	0	0	0	0	0	0	0	0	1	2	1	1	4	6	4	6	5	4	4	2	5	5	6	4	7	6	3	0	0	0	0	0
ENSG00000114573~P38606~ATP6V1A	1	0	0	0	0	0	0	0	1	0	0	0	0	1	1	1	1	1	1	2	1	1	1	1	1	1	1	3	2	1	1	2	1	2	1	1	1	1	1	2	1	0	1	1	1	1	1	1
ENSG00000183856~Q86VI3~IQGAP3	0	0	0	0	0	0	0	0	0	0	0	0	0	0	0	0	2	1	0	0	0	0	0	0	1	0	0	0	3	1	3	2	3	3	3	3	3	3	3	3	1	1	2	1	1	1	1	1
ENSG00000092054~P12883~MYH7	0	0	0	0	0	0	0	0	0	0	0	0	0	0	0	0	1	1	0	0	1	0	0	1	9	9	2	2	20	18	10	9	14	15	14	13	13	14	15	4	25	9	3	2	1	1	1	1
ENSG00000136895~Q5VVW2~GARNL3	0	0	0	0	0	0	0	0	0	0	0	0	0	0	0	0	1	0	0	0	0	0	0	0	0	0	1	0	1	1	1	1	1	1	1	1	1	1	2	1	1	0	0	0	0	0	0	0
ENSG00000119772~Q9Y6K1~DNMT3A	0	0	0	0	0	0	0	0	0	0	0	0	0	0	0	0	0	0	0	0	0	0	0	0	0	0	0	0	1	2	2	3	2	2	2	2	2	2	2	5	6	1	1	0	0	0	0	0
ENSG00000076706~P43121~MCAM	0	0	0	0	0	0	0	0	0	0	0	0	0	0	0	0	0	0	0	0	0	0	0	0	0	0	1	0	1	1	1	1	1	1	1	1	1	1	0	1	2	0	0	0	0	0	0	0
ENSG00000007541~Q9BRB3~PIGQ	0	0	0	0	0	0	0	0	0	0	0	0	0	0	0	0	1	1	1	0	0	1	0	0	1	1	1	1	1	1	1	1	1	1	1	1	1	2	1	1	1	1	1	1	1	0	1	1
ENSG00000110076~Q9P2S2~NRXN2	0	0	0	0	0	0	0	0	0	0	0	0	0	0	0	0	0	0	0	0	0	0	0	0	1	1	1	1	4	2	3	3	3	2	3	2	3	3	3	6	8	1	1	0	0	0	0	0
ENSG00000017621~Q9H6Y5~MAGIX	0	0	0	0	0	0	0	0	0	0	0	0	0	0	0	0	0	0	0	0	0	0	0	0	0	0	0	0	0	0	0	1	1	1	1	1	0	1	0	0	0	0	0	0	0	0	0	0
ENSG00000147383~Q15738~NSDHL	0	1	0	0	1	1	0	0	0	0	1	1	0	1	0	0	1	0	2	1	1	1	0	0	0	0	0	0	1	1	1	1	1	1	1	1	1	1	1	1	1	0	1	1	1	2	1	1
ENSG00000170113~Q7RTP0~NIPA1	0	0	0	0	0	0	0	0	0	0	0	0	0	0	0	0	0	0	0	0	0	0	0	0	0	0	0	0	1	1	1	1	1	1	1	1	1	1	1	1	1	0	0	0	0	0	0	0
ENSG00000136531~Q99250~SCN2A	0	0	0	0	0	0	0	0	0	0	0	0	0	0	0	0	0	0	0	0	5	1	0	0	0	0	1	2	7	7	8	10	10	8	10	9	6	9	8	9	7	2	1	0	0	0	0	0
ENSG00000060069~Q9Y5B0~CTDP1	0	0	0	0	0	0	0	0	0	0	0	0	0	0	0	0	1	1	1	1	1	1	0	0	1	1	1	1	1	0	1	1	1	1	1	1	1	1	1	1	1	1	1	1	1	1	1	1
ENSG00000101542~Q9HBT6~CDH20	0	0	0	0	0	0	0	0	0	0	0	0	0	0	0	0	0	0	0	0	0	0	0	0	0	0	0	0	12	11	12	11	12	12	12	12	9	11	8	11	5	1	0	0	0	0	0	0
ENSG00000065883~Q14004~CDK13	0	0	0	0	0	0	0	0	0	0	0	0	0	0	0	0	1	0	2	2	1	0	0	2	1	1	1	1	2	1	3	2	2	2	2	1	1	2	2	2	1	1	1	1	1	1	1	1
ENSG00000156052~P50148~GNAQ	0	0	0	0	0	0	0	0	0	0	0	0	0	0	0	0	0	0	0	0	0	0	0	0	1	1	1	1	2	2	2	2	2	1	2	1	1	2	3	1	3	1	1	0	0	0	0	0
ENSG00000155897~P40145~ADCY8	0	0	0	0	0	0	0	0	0	0	0	0	0	0	0	0	0	0	0	0	0	0	0	2	2	2	5	5	7	5	6	7	8	6	8	7	8	8	3	12	7	2	2	0	0	0	0	0
ENSG00000101680~P25391~LAMA1	0	0	0	0	0	0	0	1	0	0	1	0	1	0	0	0	0	1	0	1	0	0	0	3	1	1	2	1	2	2	2	2	2	2	2	2	1	2	2	2	1	0	2	0	0	0	0	0
ENSG00000182492~P21810~BGN	0	0	0	0	0	0	0	0	0	0	0	0	0	0	0	0	0	0	0	0	0	0	0	0	0	0	0	0	1	0	0	1	1	1	1	1	1	1	1	1	1	0	0	0	0	0	0	0
ENSG00000172572~Q14432~PDE3A	0	0	0	0	0	0	0	0	0	0	0	0	0	0	0	0	0	0	0	0	0	0	0	0	1	1	0	0	1	2	2	2	2	2	2	2	2	2	1	3	2	0	1	0	0	0	0	0
ENSG00000130826~O60832~DKC1	0	0	0	0	0	0	0	0	0	0	0	0	0	0	1	1	1	1	1	2	1	1	1	1	1	1	1	1	0	1	1	1	1	1	1	1	2	1	1	1	1	1	1	1	1	1	1	1
ENSG00000108001~Q9H4W6~EBF3	0	0	0	0	0	0	0	0	0	0	0	0	0	0	0	0	0	0	0	0	0	0	0	0	1	1	1	1	2	3	3	4	4	3	4	2	4	3	3	3	3	1	1	0	0	0	0	0
ENSG00000079482~O60890~OPHN1	0	0	0	0	0	0	0	0	0	0	0	0	0	0	0	0	0	0	0	0	0	0	0	0	1	1	0	1	4	4	2	4	4	3	4	4	3	2	2	5	3	1	1	0	0	0	0	0
ENSG00000085511~Q9Y6R4~MAP3K4	0	0	0	0	0	0	0	0	0	0	0	0	0	0	0	0	0	0	0	0	0	0	0	0	1	1	1	1	0	1	1	1	1	1	1	0	1	1	2	1	2	1	1	2	1	1	1	2
ENSG00000120533~Q9NPA8~ENY2	0	0	0	0	0	0	0	0	0	0	0	0	0	0	0	0	0	0	1	1	1	0	0	1	0	0	0	1	1	1	1	2	1	1	1	1	2	1	1	2	1	1	1	1	0	0	1	1
ENSG00000100243~P00387~CYB5R3	0	1	0	4	1	1	1	0	0	1	0	0	0	0	0	0	0	0	3	6	2	1	1	1	2	2	1	2	3	2	3	3	3	3	3	3	3	3	1	1	3	1	1	1	3	5	1	1
ENSG00000197912~Q9UQ90~SPG7	0	0	0	0	0	0	0	0	0	0	0	0	0	0	0	0	0	0	0	0	0	3	0	0	1	0	1	1	1	1	1	1	1	0	1	0	1	1	1	1	1	1	2	0	0	0	0	0
ENSG00000134352~P40189~IL6ST	0	0	0	0	0	0	0	0	0	0	0	0	0	0	0	0	0	0	0	0	0	0	0	0	0	0	0	0	1	1	1	1	1	1	1	0	0	1	1	1	1	0	0	0	0	0	0	0
ENSG00000139219~P02458~COL2A1	0	0	0	0	0	0	0	0	0	0	0	0	0	0	0	0	0	0	0	0	0	0	0	0	0	0	1	0	4	4	4	4	4	2	4	4	4	3	6	7	5	1	1	0	0	0	0	0
ENSG00000059573~P54886~ALDH18A1	1	1	1	1	1	1	1	1	0	1	1	1	1	1	0	1	0	0	2	2	1	1	0	0	1	1	1	1	1	0	1	1	1	1	1	1	1	1	1	2	1	1	1	1	1	1	1	1
ENSG00000073578~P31040~SDHA	1	2	1	2	3	2	1	2	1	2	1	1	2	1	2	0	1	0	3	2	2	1	1	1	2	2	1	2	1	1	1	1	1	1	1	2	1	0	1	1	1	1	1	1	1	1	1	2
ENSG00000121879~P42336~PIK3CA	0	0	0	0	0	0	0	0	0	0	0	0	0	0	0	0	2	4	0	0	0	0	0	3	1	1	1	1	2	3	3	2	3	3	3	3	3	2	3	5	1	2	1	0	0	0	0	0
ENSG00000165102~Q68CP4~HGSNAT	1	0	0	0	0	0	0	0	0	0	0	1	0	1	0	0	2	0	1	2	0	0	0	0	0	0	1	1	1	1	1	0	1	2	1	1	1	1	1	1	0	1	2	0	0	0	0	0
ENSG00000087460~Q5JWF2~GNAS	0	0	0	0	0	0	0	0	0	0	0	0	0	0	0	0	0	0	0	0	0	0	0	0	1	1	1	1	1	2	2	3	2	1	2	1	2	2	1	2	2	1	1	0	0	0	0	0
ENSG00000042493~P40121~CAPG	0	0	0	0	0	0	0	0	0	0	0	0	0	0	0	0	0	0	0	0	0	0	0	0	0	0	0	0	1	0	1	1	1	1	1	1	1	1	1	1	2	0	0	0	0	0	0	0
ENSG00000084636~Q07092~COL16A1	0	0	0	0	0	0	0	0	0	0	0	0	0	0	0	0	0	0	0	0	0	0	0	0	0	0	0	0	0	2	1	1	1	1	1	1	1	1	1	0	0	0	0	0	0	0	0	0
ENSG00000155495~O60732~MAGEC1	0	0	0	0	0	0	0	0	0	0	0	0	0	0	0	0	0	0	0	0	0	0	0	0	0	0	0	0	0	0	0	0	0	2	2	2	0	0	0	0	0	0	0	0	0	0	0	0
ENSG00000160224~O43918~AIRE	0	0	0	0	0	0	0	0	0	0	0	0	0	0	0	0	0	0	0	0	0	0	0	0	0	0	0	0	0	1	1	1	1	1	1	0	1	1	1	1	1	0	0	0	0	0	0	0
ENSG00000168259~Q99615~DNAJC7	0	0	0	0	0	0	0	0	0	0	0	0	0	0	0	0	1	0	2	1	1	2	0	1	0	0	1	1	1	1	1	1	1	1	1	1	1	1	1	2	1	1	1	1	1	1	0	0
ENSG00000197170~O00232~PSMD12	0	0	0	0	0	0	0	0	0	0	0	0	0	0	0	0	1	1	2	1	1	1	1	1	1	1	1	1	1	1	1	1	1	1	1	1	1	1	1	1	1	1	0	2	1	1	1	1
ENSG00000158486~Q8TD57~DNAH3	0	0	0	0	0	0	0	0	0	0	0	0	0	0	0	0	1	0	0	0	16	12	6	25	2	2	11	12	11	11	17	9	14	19	23	14	17	15	24	11	11	27	25	1	1	1	1	1
ENSG00000165409~P16473~TSHR	0	0	0	0	0	0	0	0	0	0	0	0	0	0	0	0	0	0	0	0	0	0	0	0	1	1	1	1	1	3	3	3	3	3	3	2	2	4	2	2	3	0	1	0	0	0	0	0
ENSG00000172062~Q16637~SMN1	0	0	0	0	0	0	0	0	0	0	0	0	0	0	0	0	0	0	0	0	0	0	0	0	1	0	1	1	1	1	1	1	1	1	2	1	1	1	1	1	1	1	1	0	0	0	0	0
ENSG00000187555~Q93009~USP7	0	0	0	0	0	0	0	0	0	0	0	0	0	0	0	0	1	0	2	4	1	1	1	1	1	1	1	1	1	1	1	1	1	1	1	1	1	1	1	1	1	1	1	2	1	0	1	1
ENSG00000156804~Q969P5~FBXO32	0	0	0	0	0	0	0	0	0	0	0	0	0	0	0	0	0	0	0	0	0	0	0	0	1	1	1	1	1	1	1	1	1	1	1	1	1	1	1	1	1	1	2	0	0	0	0	0
ENSG00000196628~P15884~TCF4	0	0	0	0	0	0	0	0	0	0	0	0	0	0	0	0	0	0	0	0	0	0	0	0	0	0	1	1	2	1	2	2	2	2	2	2	1	2	2	2	1	1	0	0	0	0	0	0
ENSG00000197102~Q14204~DYNC1H1	0	0	0	0	0	0	0	0	0	0	0	0	0	0	0	0	1	0	0	0	16	12	6	25	2	2	11	12	11	11	17	9	14	19	23	14	17	15	24	11	11	27	25	1	1	1	1	1
ENSG00000174579~Q9HCI7~MSL2	0	0	0	0	0	0	0	0	0	0	0	0	0	0	0	0	0	0	0	0	0	0	0	0	0	0	1	0	1	1	0	1	1	1	1	1	1	1	1	1	1	1	0	0	0	0	0	0
ENSG00000179941~Q8TAM1~BBS10	0	0	0	0	0	0	0	0	0	0	0	0	0	0	0	0	0	0	0	0	0	0	0	0	0	0	0	0	0	1	1	1	1	1	1	1	1	1	0	1	1	0	0	0	0	0	0	0
ENSG00000100823~P27695~APEX1	1	2	0	2	1	3	1	0	0	1	0	1	1	1	1	1	1	1	1	1	1	1	1	1	1	1	1	1	2	0	1	1	1	1	1	1	1	1	1	1	1	1	1	0	0	0	0	0
ENSG00000138081~Q86XK2~FBXO11	0	0	0	0	0	0	0	0	0	0	0	0	0	0	0	0	1	3	0	0	0	2	0	1	1	1	1	1	1	1	1	1	1	1	1	1	1	2	2	2	2	1	2	0	0	0	0	0
ENSG00000176165~P55316~FOXG1	0	0	0	0	0	0	0	0	0	0	0	0	0	0	0	0	0	0	0	0	0	0	0	0	1	1	1	1	1	1	1	1	2	1	1	1	1	1	1	1	1	1	1	0	0	0	0	0
ENSG00000166147~P35555~FBN1	0	0	0	0	0	0	0	0	0	0	0	0	0	0	0	0	1	0	0	0	0	0	0	0	0	0	2	0	2	3	2	2	2	2	3	3	4	3	2	2	5	2	5	0	0	0	0	0
ENSG00000158321~Q8WXX7~AUTS2	0	0	0	0	0	0	0	0	0	0	0	0	0	0	0	0	0	0	0	0	0	0	0	0	0	0	0	0	2	2	2	2	2	2	2	2	2	2	2	2	2	0	0	0	0	0	0	0
ENSG00000068796~O00139~KIF2A	0	0	0	0	0	0	0	0	0	0	0	0	0	0	0	0	1	0	2	2	1	2	1	2	1	1	1	1	2	3	3	4	3	2	3	3	3	3	1	3	1	1	2	0	0	0	0	0
ENSG00000074181~Q9UM47~NOTCH3	0	0	0	0	0	0	0	0	0	0	0	0	0	0	0	0	0	0	0	0	0	0	0	0	2	4	1	1	3	3	4	4	4	3	4	3	4	3	3	3	4	2	59	0	0	0	0	0
ENSG00000143164~Q58WW2~DCAF6	0	0	0	0	0	0	0	0	0	0	0	0	0	0	0	0	0	0	0	0	0	0	0	0	0	0	1	0	1	2	1	1	1	1	1	1	1	1	1	1	0	0	1	0	0	0	0	0
ENSG00000215301~O00571~DDX3X	0	0	0	0	1	2	1	0	0	0	0	0	0	1	0	0	1	1	3	4	1	2	1	0	5	3	2	2	1	2	2	3	4	2	3	2	2	2	2	2	3	2	2	1	2	1	1	2
ENSG00000166130~Q70UQ0~IKBIP	0	0	0	0	0	0	0	0	0	0	0	0	0	0	0	0	0	0	0	0	0	0	0	0	0	0	0	0	1	1	1	1	1	1	1	1	1	1	1	1	1	0	0	0	0	0	0	0
ENSG00000105409~P13637~ATP1A3	0	1	0	0	0	0	0	0	0	0	0	0	0	0	0	1	2	0	0	0	1	1	0	15	5	5	1	2	5	4	6	6	6	6	6	6	5	5	2	4	9	1	1	1	3	3	1	3
ENSG00000131018~Q8NF91~SYNE1	0	0	0	0	0	0	0	0	0	0	0	0	0	0	0	0	0	0	0	0	0	0	0	0	0	0	1	1	4	2	4	4	2	3	2	2	3	4	4	5	6	3	2	0	0	0	0	0
ENSG00000101901~Q9H5U8~ALG13	0	0	0	0	0	0	0	0	0	0	0	0	0	0	0	0	0	0	0	0	0	0	0	0	0	0	0	0	0	1	1	1	1	1	1	1	1	1	1	1	1	0	0	0	0	0	0	0
ENSG00000177628~P04062~GBA	0	0	0	0	0	0	0	0	0	0	0	0	0	1	0	0	0	0	0	0	0	0	0	0	2	2	1	2	0	1	1	1	1	1	1	2	1	1	0	1	0	1	5	0	1	0	0	0
ENSG00000153234~P43354~NR4A2	0	0	0	0	0	0	0	0	0	0	0	0	0	0	0	0	0	0	0	0	0	0	0	0	1	1	1	1	1	1	1	2	3	2	2	2	2	2	1	2	2	0	1	0	0	0	0	0
ENSG00000095787~Q9BTA9~WAC	0	0	0	0	0	0	0	0	0	0	0	0	0	0	0	0	0	0	0	0	0	0	0	0	1	0	1	0	1	1	1	1	1	1	1	1	2	1	1	1	2	0	0	0	0	0	0	0
ENSG00000185567~Q8IVF2~AHNAK2	0	0	0	0	0	0	0	0	0	0	0	0	0	0	0	0	0	0	0	0	0	0	0	0	0	0	0	0	1	4	2	2	2	2	2	3	3	4	2	2	2	0	1	0	0	0	0	0
ENSG00000121406~Q6P9A3~ZNF549	0	0	0	0	0	0	0	0	0	0	0	0	0	0	0	0	0	0	0	0	0	0	0	0	0	0	0	0	0	0	0	0	0	1	1	1	0	0	0	0	0	0	0	0	0	0	0	0
ENSG00000142599~Q9P2R6~RERE	0	0	0	0	0	0	0	0	0	0	0	0	0	0	0	0	0	0	0	0	0	0	0	0	0	0	0	0	1	1	1	1	1	1	1	1	2	1	2	1	0	1	1	0	0	0	0	0
ENSG00000126012~P41229~KDM5C	0	0	0	0	0	0	0	0	0	0	0	0	0	0	0	0	1	0	4	2	0	0	0	2	1	1	1	1	3	2	3	2	4	3	4	3	3	3	3	4	2	1	1	3	1	1	1	1
ENSG00000136854~P61764~STXBP1	0	0	0	0	0	0	0	0	0	0	0	0	0	0	0	0	1	1	3	2	1	1	1	3	1	1	1	1	2	1	2	2	2	2	2	1	2	2	2	2	3	1	1	1	1	1	1	1
ENSG00000150361~Q9NR64~KLHL1	0	0	0	0	0	0	0	0	0	1	0	0	0	0	0	0	0	0	0	0	0	0	0	1	0	0	1	1	2	3	3	3	3	3	3	3	3	3	3	2	2	1	1	0	0	0	0	0
ENSG00000039650~Q96T60~PNKP	0	0	0	0	0	0	0	0	0	0	0	0	0	0	0	0	1	1	0	0	1	1	1	1	1	0	0	1	0	0	1	1	1	1	1	1	1	1	0	1	1	1	2	1	1	1	0	1
ENSG00000026103~P25445~FAS	0	0	0	0	0	0	0	0	0	0	0	0	0	0	0	0	0	0	0	0	0	0	0	0	0	0	0	0	0	1	0	1	1	1	1	1	1	1	1	0	1	0	0	0	0	0	0	0
ENSG00000103489~Q86Y38~XYLT1	0	0	0	0	0	0	0	0	0	0	0	0	0	0	0	0	0	0	7	4	0	0	0	0	1	0	1	1	2	2	2	2	2	2	2	2	2	2	1	3	2	1	1	0	0	0	0	0
ENSG00000135870~Q5TC82~RC3H1	0	0	0	0	0	0	0	0	0	0	0	0	0	0	0	0	0	0	0	0	0	0	0	0	1	1	1	1	1	2	1	2	2	1	2	2	2	2	2	2	3	1	2	0	0	0	0	0
ENSG00000080644~P32297~CHRNA3	0	0	0	0	0	0	0	0	0	0	0	0	0	0	0	0	0	0	0	0	0	0	0	0	2	1	3	2	0	2	2	2	2	0	2	1	2	2	2	3	2	1	1	0	0	0	0	0
ENSG00000108784~P54802~NAGLU	0	0	0	0	0	0	0	0	0	0	0	0	0	3	0	0	1	0	1	1	0	0	0	1	1	1	1	1	0	1	1	1	1	1	1	1	1	2	0	1	1	1	1	0	0	0	0	0
ENSG00000134250~Q04721~NOTCH2	0	0	0	0	0	0	0	0	0	0	0	0	0	0	0	0	0	0	0	0	0	0	0	0	2	4	1	1	3	3	4	4	4	3	4	3	4	3	3	3	4	2	59	0	0	0	0	0
ENSG00000168036~P35222~CTNNB1	0	0	0	0	0	0	0	0	0	0	0	0	0	0	0	0	0	0	1	1	0	0	0	0	1	1	1	1	2	1	2	2	2	1	2	1	1	2	1	4	3	1	1	0	0	0	0	0
ENSG00000169032~Q02750~MAP2K1	0	0	0	0	0	0	0	0	0	0	0	0	0	0	0	0	1	0	3	2	1	1	0	3	1	1	1	1	1	2	2	2	2	1	2	2	2	2	1	2	3	1	1	1	1	1	2	2
ENSG00000103089~Q7L5A8~FA2H	0	0	0	0	0	0	0	0	0	0	0	0	0	0	0	0	1	0	2	2	1	0	0	1	1	1	1	1	1	1	1	2	1	1	1	1	1	1	1	1	1	1	0	1	1	1	1	1
ENSG00000001626~P13569~CFTR	0	0	1	0	0	0	0	0	0	0	0	0	0	0	0	0	13	6	15	14	4	7	1	34	8	8	8	13	7	10	10	14	11	10	12	10	12	30	11	12	8	6	27	2	5	5	3	7
ENSG00000055332~P19525~EIF2AK2	0	0	0	0	0	0	0	0	0	0	0	0	0	0	0	0	0	0	0	0	0	1	0	0	0	0	0	0	1	1	1	1	1	0	1	1	1	1	1	1	1	0	0	0	0	0	0	0
ENSG00000177189~P51812~RPS6KA3	0	2	0	0	0	0	0	0	0	0	0	0	0	0	0	0	1	0	0	0	0	1	0	2	1	1	1	1	4	4	4	3	4	1	4	2	3	4	3	4	5	1	0	1	1	1	1	1
ENSG00000183454~Q12879~GRIN2A	0	0	0	0	0	0	0	0	0	0	0	0	0	0	0	0	0	0	0	0	0	0	0	0	1	1	1	1	2	2	3	4	4	4	4	3	4	4	2	7	5	0	0	0	0	0	0	0
ENSG00000103249~P51798~CLCN7	0	0	0	0	0	0	0	1	0	0	0	0	0	0	0	0	4	0	5	3	1	2	0	0	1	1	1	1	1	1	1	1	1	1	1	1	1	1	1	1	1	1	1	0	0	0	0	0
ENSG00000168906~P31153~MAT2A	1	1	1	1	1	1	1	1	0	1	1	1	1	1	0	0	1	3	4	2	1	2	1	1	5	3	2	1	2	1	2	4	2	1	2	1	2	2	1	3	2	1	1	1	1	1	1	2
ENSG00000147144~Q96HB5~CCDC120	0	0	0	0	0	0	0	0	0	0	0	0	0	0	0	0	0	0	0	0	0	0	0	0	0	0	0	0	0	0	1	1	1	1	1	1	1	1	1	0	1	0	0	0	0	0	0	0
ENSG00000145020~P48728~AMT	1	1	1	1	1	2	1	1	0	1	1	1	1	1	1	0	1	0	1	1	1	2	1	1	1	1	1	1	1	1	1	1	1	1	1	1	1	1	1	1	1	1	1	1	1	1	0	1
ENSG00000030582~P28799~GRN	0	0	0	0	0	0	0	0	0	0	0	0	0	0	0	0	1	0	0	0	0	0	0	0	1	0	0	0	2	0	1	1	1	1	1	1	1	1	1	2	2	1	1	0	0	0	0	0
ENSG00000131398~Q14003~KCNC3	0	0	0	0	0	0	0	0	0	0	0	0	0	0	0	0	0	0	0	0	0	0	0	0	2	1	2	1	3	2	3	4	4	3	4	3	2	3	4	3	7	0	1	0	0	0	0	0
ENSG00000184743~Q6DD88~ATL3	0	0	0	0	0	0	0	0	0	0	0	0	0	0	0	0	0	0	0	0	0	0	0	0	1	1	1	1	3	1	3	2	3	3	3	3	3	3	3	3	3	1	1	0	0	0	0	0
ENSG00000140632~Q49A26~GLYR1	0	1	0	4	0	2	1	1	0	1	1	0	0	0	0	1	0	0	2	2	2	0	0	1	0	0	1	1	1	1	1	1	1	1	1	1	1	1	2	1	1	1	4	0	1	1	0	0
ENSG00000086758~Q7Z6Z7~HUWE1	0	0	0	0	0	0	0	0	0	0	0	0	0	0	0	0	0	1	2	3	2	1	1	1	1	1	0	1	1	1	2	2	2	2	2	2	2	2	2	2	2	4	0	1	1	1	1	1
ENSG00000174469~Q9UHC6~CNTNAP2	0	0	0	0	0	0	0	0	0	0	0	0	0	0	0	0	0	0	0	0	0	0	0	0	1	1	1	1	4	1	4	8	7	3	6	5	4	5	4	8	1	0	4	0	0	0	0	0
ENSG00000137171~Q9NSK0~KLC4	0	0	0	1	0	0	0	0	0	6	0	0	0	0	0	0	0	0	1	0	1	1	0	0	1	2	1	1	1	2	3	3	3	2	3	3	3	3	1	4	3	1	2	0	0	0	0	0
ENSG00000198911~Q12772~SREBF2	0	0	0	0	0	0	0	0	0	0	0	0	0	0	0	0	0	0	0	0	0	0	0	0	1	1	1	1	1	2	2	2	2	2	2	1	1	2	2	2	1	1	1	0	0	0	0	0
ENSG00000069667~P35398~RORA	0	0	0	0	0	0	0	0	0	0	0	0	0	0	0	0	0	0	0	0	0	0	0	0	1	1	1	0	1	1	1	1	1	1	1	1	1	1	1	1	1	1	1	0	0	0	0	0
ENSG00000171282~Q9P281~BAHCC1	0	0	0	0	0	0	0	0	0	0	0	0	0	0	0	0	0	0	0	0	0	0	0	0	0	0	0	0	1	1	1	1	1	1	1	1	1	1	1	2	0	0	0	0	0	0	0	0
ENSG00000088035~Q9Y672~ALG6	0	0	0	0	0	0	0	0	0	0	0	0	0	0	0	0	1	0	1	1	1	0	0	1	1	1	1	1	1	1	0	1	1	1	1	1	1	1	1	1	1	1	1	1	1	1	1	1
ENSG00000133020~P13535~MYH8	0	0	0	0	0	0	0	0	0	0	0	0	0	0	0	0	1	1	0	0	1	0	0	1	9	9	2	2	20	18	10	9	14	15	14	13	13	14	15	4	25	9	3	2	1	1	1	1
ENSG00000164828~O94901~SUN1	0	0	0	0	0	0	0	0	0	0	0	0	0	0	0	0	0	0	0	0	0	0	0	0	0	0	1	1	1	1	1	1	1	1	1	1	1	0	1	1	1	0	0	0	0	0	0	0
ENSG00000049323~Q14766~LTBP1	0	0	0	0	0	0	0	0	0	0	0	0	0	0	0	0	0	0	0	0	0	0	0	0	0	0	0	0	3	2	4	3	4	3	4	3	2	4	3	3	2	0	0	0	0	0	0	0
ENSG00000126016~Q4VCS5~AMOT	0	0	0	0	0	0	0	0	0	0	0	0	0	0	0	0	0	0	0	0	0	0	0	0	0	0	0	0	2	2	2	2	2	2	2	2	2	2	2	1	0	1	0	0	0	0	0	0
ENSG00000140320~Q8TBE0~BAHD1	0	0	0	0	0	0	0	0	0	0	0	0	0	0	0	0	0	0	0	0	0	0	0	0	0	0	1	1	1	1	1	1	1	1	1	1	1	1	1	2	0	2	0	0	0	0	0	0
ENSG00000115306~Q01082~SPTBN1	0	0	0	0	0	0	0	0	0	0	0	0	0	0	0	0	0	0	0	0	0	0	0	0	3	3	3	3	5	3	6	7	7	7	7	7	6	7	8	9	7	3	5	0	0	0	0	0
ENSG00000124486~Q93008~USP9X	0	0	0	0	0	0	0	0	0	0	0	0	0	0	0	0	0	0	0	0	0	0	0	0	0	0	1	1	2	3	3	2	3	3	3	2	4	3	2	2	3	2	1	0	0	0	0	0
ENSG00000064651~P55011~SLC12A2	0	0	0	0	0	0	0	0	0	0	0	0	0	0	0	1	0	0	0	0	0	0	0	0	1	1	3	2	2	2	2	3	3	2	3	2	3	1	3	4	7	1	1	0	0	0	0	0
ENSG00000102452~Q8IZF0~NALCN	0	0	0	0	0	0	0	0	0	0	0	0	0	0	0	0	0	0	0	0	0	0	0	0	2	2	1	1	2	1	1	1	1	1	1	1	1	2	1	1	1	0	2	1	1	1	1	1
ENSG00000121481~Q99496~RNF2	0	0	0	0	0	0	0	0	0	0	0	0	0	0	0	0	0	0	0	0	0	0	0	0	0	0	1	1	1	1	1	1	1	1	1	1	1	1	1	1	1	1	3	0	0	0	0	0
ENSG00000084234~Q06481~APLP2	0	0	0	0	0	0	0	0	0	0	0	0	0	0	0	0	0	0	0	0	0	0	0	0	1	1	1	1	2	1	2	2	2	1	2	2	1	1	2	1	2	0	0	0	0	0	0	0
ENSG00000135476~Q14674~ESPL1	0	0	0	0	0	0	0	0	0	0	0	0	0	0	0	0	0	0	0	0	0	0	0	0	0	0	0	0	1	1	1	1	1	1	1	1	1	1	0	1	0	0	1	0	0	0	0	0
ENSG00000148840~Q5VV67~PPRC1	0	0	0	0	0	0	0	0	0	0	0	0	0	0	0	0	0	0	0	0	0	0	0	0	0	0	0	0	1	1	1	1	1	1	1	1	1	1	1	1	0	0	0	0	0	0	0	0
ENSG00000076003~Q14566~MCM6	0	0	0	0	0	0	0	0	0	0	0	0	0	0	0	0	1	1	1	1	1	1	1	1	1	1	1	1	2	1	1	1	1	1	1	1	1	1	1	1	2	1	1	1	1	1	1	1
ENSG00000013573~Q96FC9~DDX11	0	0	0	0	0	0	0	0	0	0	0	0	0	0	0	0	0	0	1	1	1	0	0	1	1	1	1	1	1	1	1	1	1	1	3	2	1	1	1	1	1	3	1	1	1	1	1	1
ENSG00000151067~Q13936~CACNA1C	0	0	0	0	0	0	0	0	0	0	0	0	0	0	0	0	0	0	0	0	2	0	0	5	2	2	5	2	4	5	7	7	7	5	7	4	6	3	8	12	11	2	2	0	0	0	0	0
ENSG00000110514~Q8WXG6~MADD	0	0	0	0	0	0	0	0	0	0	0	0	0	0	0	0	0	0	0	0	0	0	0	0	1	1	1	1	0	1	1	1	1	1	1	1	1	1	1	1	1	0	1	0	0	0	0	0
ENSG00000145864~P47870~GABRB2	0	0	0	0	0	0	0	0	0	0	0	0	0	0	0	0	0	0	0	0	0	0	0	0	1	1	1	1	2	3	2	3	3	3	3	3	3	3	3	4	2	1	1	0	0	0	0	0
ENSG00000144406~Q96JI4~UNC80	0	0	0	0	0	0	0	0	0	0	0	0	0	0	0	0	0	0	0	0	0	0	0	0	1	1	1	1	1	1	1	2	0	1	1	1	0	1	2	1	1	0	2	0	0	0	0	0
ENSG00000171004~Q96MM7~HS6ST2	0	0	0	0	0	0	0	0	0	0	0	0	0	0	0	0	0	0	0	0	0	0	0	0	0	0	0	0	1	1	1	2	1	1	1	1	1	0	1	1	1	0	0	0	0	0	0	0
ENSG00000138834~Q9UPT6~MAPK8IP3	0	0	0	0	0	0	0	0	0	0	0	0	0	0	0	0	0	0	0	0	0	0	0	0	1	1	1	1	2	2	2	1	2	1	2	2	2	2	2	3	1	1	1	0	0	0	0	0
ENSG00000143631~P20930~FLG	0	0	0	0	0	0	0	0	0	0	0	0	0	0	0	0	0	0	0	0	0	0	0	0	0	0	0	0	0	0	0	0	0	0	1	1	1	1	0	0	0	0	0	0	0	0	0	0
ENSG00000136931~Q13285~NR5A1	0	0	0	0	0	0	0	0	0	0	0	0	0	0	0	0	0	0	0	0	0	0	0	0	1	1	1	1	2	2	2	2	2	1	2	2	2	2	2	2	2	1	1	0	0	0	0	0
ENSG00000165891~Q96AV8~E2F7	0	0	0	0	0	0	0	0	0	0	0	0	0	0	0	0	0	0	3	2	0	0	0	2	1	1	0	0	1	1	1	1	1	1	1	1	1	1	2	1	1	1	0	0	0	0	0	0
ENSG00000204262~P05997~COL5A2	0	0	0	0	0	0	0	0	0	0	0	0	0	0	0	0	0	0	0	0	0	0	0	0	0	0	1	0	4	4	4	4	4	2	4	4	4	3	6	7	5	1	1	0	0	0	0	0
ENSG00000164576~Q9HAJ7~SAP30L	0	0	0	0	0	0	0	0	0	0	0	0	0	0	0	0	0	0	0	0	1	0	0	0	0	0	1	1	1	1	0	1	1	1	1	1	1	1	1	1	1	0	1	0	0	0	0	0
ENSG00000116353~Q9BV79~MECR	0	1	0	1	0	0	0	0	0	0	0	1	0	0	0	0	1	0	1	2	2	1	0	12	1	1	1	1	2	1	1	1	1	1	1	1	1	1	1	1	2	0	2	1	1	1	1	1
ENSG00000135519~Q9ULD8~KCNH3	0	0	0	0	0	0	0	0	0	0	0	0	0	0	0	0	0	0	0	0	0	0	0	0	0	0	1	1	2	2	2	3	3	3	3	3	3	2	1	4	4	0	0	0	0	0	0	0
ENSG00000141458~O15118~NPC1	0	0	0	0	0	0	0	0	0	0	0	0	0	0	0	0	2	1	2	0	1	0	0	1	1	1	2	2	2	1	2	2	2	2	2	2	2	1	2	2	0	1	4	0	1	1	1	1
ENSG00000188157~O00468~AGRN	0	0	0	0	0	0	0	0	0	0	0	0	0	0	0	0	0	0	0	0	0	0	0	0	1	1	0	0	1	1	2	1	1	1	1	1	1	1	2	1	0	1	2	0	0	0	0	0
ENSG00000125459~Q9BUK6~MSTO1	0	0	0	0	0	0	0	0	0	0	0	0	0	0	0	0	1	0	1	2	0	1	0	1	0	0	1	1	1	1	1	1	1	1	1	1	1	1	0	0	1	1	1	1	1	1	1	1
ENSG00000152137~Q9UJY1~HSPB8	0	0	0	0	0	0	0	0	0	0	0	0	0	0	0	0	0	0	0	0	0	0	0	0	0	0	0	0	1	1	1	1	1	1	1	1	1	1	0	1	1	0	0	0	0	0	0	0
ENSG00000170759~P33176~KIF5B	0	0	0	0	0	0	0	0	0	0	0	0	0	0	0	0	1	0	1	1	0	1	0	2	1	1	1	1	3	2	2	2	3	1	3	3	3	3	2	5	2	2	1	1	1	1	1	1
ENSG00000119638~Q8TD19~NEK9	0	0	0	0	0	0	0	0	0	0	0	0	0	0	0	0	0	0	0	0	0	0	0	0	0	0	0	0	1	1	1	1	1	1	1	1	1	1	1	1	0	0	3	0	0	0	0	0
ENSG00000188828~Q5JXX5~GLRA4	0	0	0	0	0	0	0	0	0	0	0	0	0	0	0	0	0	0	0	0	0	0	0	0	3	1	1	1	2	4	4	4	4	4	4	3	4	1	4	3	4	1	2	0	0	0	0	0
ENSG00000091136~P07942~LAMB1	0	0	0	0	0	0	0	0	0	0	0	0	0	0	0	0	0	1	0	0	0	0	0	0	1	1	1	1	2	3	3	2	2	3	3	2	3	2	2	4	5	2	2	0	0	0	0	0
ENSG00000084674~P04114~APOB	0	0	0	0	0	0	0	0	0	0	0	0	0	0	0	0	0	0	0	0	0	0	0	0	0	0	0	0	2	1	2	1	1	1	1	0	1	1	2	1	2	0	0	0	0	0	0	0
ENSG00000165240~Q04656~ATP7A	1	3	1	2	1	1	1	2	0	1	2	1	1	1	2	2	1	0	2	4	2	1	1	2	1	1	1	1	1	2	2	2	2	1	2	1	1	2	2	2	2	1	2	1	2	2	2	1
ENSG00000069424~Q13303~KCNAB2	1	9	1	4	3	2	0	0	0	1	1	1	1	1	2	0	0	0	2	2	3	0	2	23	0	0	1	1	2	2	3	3	2	3	3	3	2	3	2	3	3	1	1	2	2	4	0	1
ENSG00000168993~O14810~CPLX1	0	0	0	0	0	0	0	0	0	0	0	0	0	0	0	0	0	0	0	0	0	0	0	0	1	1	0	0	1	1	2	2	2	2	2	1	2	1	1	1	2	0	2	0	0	0	0	0
ENSG00000100299~P15289~ARSA	0	0	0	1	1	0	0	0	0	0	0	1	0	7	0	1	0	0	0	0	0	0	0	0	0	0	0	0	1	1	1	1	1	1	1	1	1	1	2	1	1	0	4	0	0	0	0	0
ENSG00000121350~Q8WU10~PYROXD1	0	0	0	0	0	0	0	0	0	0	0	0	0	0	0	0	1	0	0	0	1	0	0	0	1	1	1	1	1	1	1	1	1	1	1	1	1	1	1	1	1	1	1	0	0	0	0	0
ENSG00000011021~P51797~CLCN6	0	0	0	0	0	0	0	0	0	0	0	0	0	0	0	0	0	0	0	0	1	0	0	0	0	0	0	0	1	1	1	1	1	1	1	1	1	1	1	1	0	1	1	0	0	0	0	0
ENSG00000115216~Q9UHY1~NRBP1	0	0	0	0	0	0	0	0	0	0	0	0	0	0	0	0	0	0	0	0	0	0	0	0	0	0	0	0	0	1	1	2	1	0	1	0	1	1	0	1	0	0	0	0	0	0	0	0
ENSG00000106006~P31267~HOXA6	0	0	0	0	0	0	0	0	0	0	0	0	0	0	0	0	0	0	0	0	0	0	0	0	0	0	0	0	0	1	1	1	1	1	1	0	1	1	1	0	0	0	0	0	0	0	0	0
ENSG00000141837~O00555~CACNA1A	0	0	0	0	0	0	0	0	0	0	0	0	0	0	0	0	0	0	0	0	2	0	0	5	2	2	5	2	4	5	7	7	7	5	7	4	6	3	8	12	11	2	2	0	0	0	0	0
ENSG00000196440~Q5H9R4~ARMCX4	0	0	0	0	0	0	0	0	0	0	0	0	0	0	0	0	0	0	0	0	0	0	0	0	0	0	0	0	0	0	0	1	1	1	1	1	1	1	0	0	0	0	0	0	0	0	0	0
ENSG00000101977~P10911~MCF2	0	0	0	0	0	0	0	0	0	0	0	0	0	0	0	0	0	0	0	0	0	0	0	0	1	2	1	1	3	3	3	3	2	2	3	2	3	4	2	5	2	0	2	0	0	0	0	0
ENSG00000107518~Q5VV63~ATRNL1	0	0	0	0	0	0	0	0	0	0	0	0	0	0	0	0	1	0	0	0	0	0	0	0	1	1	1	1	2	2	1	2	2	2	2	1	2	2	2	4	2	1	1	0	0	0	0	0
ENSG00000163297~P58335~ANTXR2	0	0	0	0	0	0	0	0	0	0	0	0	0	0	0	0	0	0	0	0	0	0	0	0	0	0	0	0	1	1	1	1	1	1	1	1	1	1	1	1	1	0	0	0	0	0	0	0
ENSG00000155659~Q9Y279~VSIG4	0	0	0	0	0	0	0	0	0	0	0	0	0	0	0	0	0	0	0	0	0	0	0	0	0	0	0	0	0	1	1	1	1	1	1	1	1	1	1	0	0	0	0	0	0	0	0	0
ENSG00000086848~Q9H6U8~ALG9	0	0	0	0	0	0	0	0	0	0	0	0	0	0	0	0	1	0	1	1	0	1	0	0	1	1	1	1	1	1	1	1	1	1	1	1	1	1	1	1	1	2	0	1	1	1	1	1
ENSG00000196091~Q00872~MYBPC1	0	0	0	0	0	0	0	0	0	0	0	0	0	0	0	0	0	0	0	0	0	0	0	0	0	1	0	0	2	3	2	2	3	3	3	2	3	3	2	4	4	1	0	0	0	0	0	0
ENSG00000102103~O60828~PQBP1	0	0	0	0	0	0	0	0	0	0	0	0	0	0	0	0	0	0	1	1	1	0	0	0	1	1	1	1	0	0	2	1	1	1	1	1	1	1	0	1	1	1	0	0	0	0	0	0
ENSG00000135049~Q9UPW5~AGTPBP1	0	0	0	0	0	0	0	0	0	0	0	0	0	0	0	0	0	0	0	0	0	0	0	0	0	0	0	0	1	2	2	2	2	1	2	1	2	1	2	0	1	1	3	0	0	0	0	0
ENSG00000128322~P15814~IGLL1	0	0	0	0	0	0	0	0	0	0	0	0	0	0	0	0	0	0	0	0	0	0	0	0	0	0	0	0	7	0	10	2	3	3	3	1	6	1	2	5	2	0	0	0	0	0	0	0
ENSG00000105221~P31751~AKT2	0	0	0	0	0	0	0	0	0	0	1	0	0	0	0	0	1	1	0	0	0	0	1	3	2	1	1	1	2	2	3	3	3	2	3	3	2	3	1	4	5	1	2	0	0	0	0	0
ENSG00000144455~Q8NBK3~SUMF1	0	2	0	3	0	2	1	0	1	1	1	3	1	0	0	5	0	0	0	0	0	0	0	0	0	0	0	1	1	0	1	1	1	1	1	1	1	1	1	1	1	1	1	0	0	0	0	0
ENSG00000135929~Q02318~CYP27A1	0	0	0	0	0	0	0	0	0	0	0	0	0	0	0	0	0	0	0	0	0	0	0	0	0	0	0	1	3	1	1	1	1	1	1	1	1	1	1	2	5	0	1	0	0	0	0	0
ENSG00000184381~O60733~PLA2G6	0	0	0	0	0	0	0	0	0	0	0	0	0	0	0	0	0	0	0	0	0	0	0	0	2	2	1	1	1	1	1	1	1	1	1	1	1	1	1	1	1	1	2	0	0	0	0	0
ENSG00000170558~P19022~CDH2	0	0	0	0	0	0	0	0	0	0	0	0	0	0	0	0	0	0	0	0	0	0	0	0	0	0	0	0	3	3	4	4	4	4	4	4	2	4	4	8	8	1	0	0	0	0	0	0
ENSG00000145375~Q8NB90~SPATA5	0	0	0	0	0	0	0	0	0	1	0	0	0	0	2	3	2	2	3	2	1	1	1	1	2	2	1	1	2	3	2	2	2	2	2	1	2	2	2	2	3	2	2	2	1	1	2	2
ENSG00000115211~Q9UI10~EIF2B4	0	0	0	0	0	0	0	0	0	0	0	0	0	0	0	0	1	1	2	2	1	1	1	1	1	1	1	1	1	1	1	1	1	1	1	1	1	1	1	1	1	2	1	1	1	1	1	1
ENSG00000184432~P35606~COPB2	0	0	0	0	0	0	0	0	0	0	0	0	0	0	0	0	1	1	3	3	1	1	1	1	1	1	1	1	1	1	1	1	1	1	1	1	1	1	1	1	1	1	1	1	1	1	1	1
ENSG00000173898~O15020~SPTBN2	0	0	0	0	0	0	0	0	0	0	0	0	0	0	0	0	0	0	0	0	0	0	0	0	3	3	3	3	5	3	6	7	7	7	7	7	6	7	8	9	7	3	5	0	0	0	0	0
ENSG00000196924~P21333~FLNA	0	0	0	0	0	0	0	0	0	0	0	0	0	0	0	0	1	2	0	0	0	0	0	0	3	2	1	1	3	3	3	3	3	2	3	2	3	3	3	4	2	1	2	0	0	0	0	0
ENSG00000144843~P54922~ADPRH	0	0	0	0	0	0	0	0	0	0	0	0	0	0	0	0	1	0	0	0	0	0	0	0	0	0	0	0	2	0	1	1	1	1	1	1	1	1	0	2	1	0	2	0	0	0	0	0
ENSG00000134954~P14921~ETS1	0	0	0	0	0	0	0	0	0	0	0	0	0	0	0	0	0	0	0	0	0	0	0	0	0	0	0	1	1	1	1	1	1	1	1	1	0	1	1	1	1	1	1	0	0	0	0	0
ENSG00000173226~Q15051~IQCB1	0	0	0	0	0	0	0	0	0	0	0	0	0	0	0	0	0	0	0	0	0	0	0	0	0	0	0	0	1	1	1	1	1	1	1	1	1	1	1	1	1	2	1	0	0	0	0	0
ENSG00000169057~P51608~MECP2	0	0	0	0	0	0	0	0	0	0	0	0	0	0	0	0	0	0	0	0	0	0	0	0	0	0	0	0	1	0	1	1	1	1	1	1	1	1	1	1	1	0	0	0	0	0	0	0
ENSG00000125414~Q9UKX2~MYH2	0	0	0	0	0	0	0	0	0	0	0	0	0	0	0	0	1	1	0	0	1	0	0	1	9	9	2	2	20	18	10	9	14	15	14	13	13	14	15	4	25	9	3	2	1	1	1	1
ENSG00000075275~Q9NYQ6~CELSR1	0	0	0	1	0	1	1	0	0	0	0	0	0	0	0	1	3	0	10	8	1	1	0	0	3	3	2	2	6	5	4	4	5	4	4	3	3	6	4	7	9	3	2	1	1	1	1	1
ENSG00000148606~O14802~POLR3A	1	1	1	1	1	1	0	1	1	1	1	1	1	1	2	2	2	2	2	3	2	2	3	2	2	2	2	2	3	1	2	2	2	2	2	2	1	1	2	2	1	2	5	2	2	2	2	2
ENSG00000114853~Q9UFB7~ZBTB47	0	0	0	0	0	0	0	0	0	0	0	0	0	0	0	0	0	0	0	0	0	0	0	0	0	0	0	0	1	1	1	1	0	1	1	1	1	1	1	1	1	0	0	0	0	0	0	0
ENSG00000127152~Q9C0K0~BCL11B	0	0	0	0	0	0	0	0	0	0	0	0	0	0	0	0	0	0	0	0	0	0	0	0	0	0	0	0	2	2	2	1	2	1	2	2	1	1	2	4	3	0	1	0	0	0	0	0
ENSG00000167104~Q8NFQ5~BPIFB6	0	0	0	0	0	0	0	0	0	0	0	0	0	0	0	0	0	0	0	0	0	0	0	0	0	0	0	0	0	1	1	1	1	1	1	1	1	1	1	0	0	0	0	0	0	0	0	0
ENSG00000167207~Q9HC29~NOD2	0	0	0	0	0	0	0	0	0	0	0	0	0	0	0	0	0	0	0	0	0	1	0	0	0	0	0	0	0	0	1	1	1	0	1	1	1	1	1	1	1	0	0	0	0	0	0	0
ENSG00000104835~Q9NP81~FBXO17~SARS2	0	0	0	0	0	0	0	0	0	0	0	0	0	0	0	0	1	0	1	1	1	0	0	0	1	1	1	1	1	0	1	1	1	1	1	1	1	1	0	1	1	1	1	1	1	0	1	1
ENSG00000069696~P21917~DRD4	0	0	0	0	0	0	0	0	0	0	0	0	0	0	0	0	0	0	0	0	0	0	0	0	0	0	0	0	0	1	1	1	1	0	1	0	1	0	0	2	1	0	0	0	0	0	0	0
ENSG00000117009~O15229~KMO	0	0	0	1	0	0	0	0	0	0	0	0	0	0	0	0	1	0	0	0	1	0	0	0	1	1	1	1	1	1	1	1	1	1	1	1	1	1	1	1	1	0	1	0	1	1	1	1
ENSG00000125844~Q9P2E9~RRBP1	0	0	0	0	0	0	0	0	0	0	0	0	0	0	0	0	0	0	0	0	0	0	0	0	0	0	0	0	1	1	1	1	1	1	1	1	1	1	1	1	1	1	0	0	0	0	0	0
ENSG00000115267~Q9BYX4~IFIH1	0	0	0	0	0	0	0	0	0	0	0	0	0	0	0	0	0	0	0	0	0	0	0	0	2	2	0	0	2	1	1	2	2	2	2	2	2	2	2	1	2	2	6	1	1	0	0	0
ENSG00000105726~Q9HD20~ATP13A1	0	0	0	0	0	0	0	0	0	0	0	0	0	0	0	0	1	1	1	1	1	1	1	1	1	1	1	1	1	1	1	1	1	1	1	1	1	1	1	1	1	1	4	1	1	1	1	1
ENSG00000121068~Q13207~TBX2	0	0	0	0	0	0	0	0	0	0	0	0	0	0	0	0	0	0	0	0	0	0	0	0	1	1	0	1	1	1	1	1	1	1	1	1	1	1	0	2	2	1	1	0	0	0	0	0
ENSG00000206487~Q5SQH8~C6orf136	0	0	0	0	0	0	0	0	0	0	0	0	0	0	0	0	0	0	0	0	0	0	0	0	0	0	1	1	1	0	1	1	1	1	3	1	1	1	1	1	1	1	2	0	0	0	0	0
ENSG00000166987~Q96DN6~MBD6	0	0	0	0	0	0	0	0	0	0	0	0	0	0	0	0	0	0	0	0	0	0	0	0	0	0	0	0	0	0	0	1	1	1	1	0	0	1	0	0	0	0	0	0	0	0	0	0
ENSG00000168646~Q9Y2T1~AXIN2	0	0	0	0	0	0	0	0	0	0	0	0	0	0	0	0	0	0	0	0	0	0	0	0	0	0	0	0	1	1	1	1	1	1	1	0	1	1	1	2	1	1	0	0	0	0	0	0
ENSG00000198947~P11532~DMD	0	0	0	0	0	0	0	0	0	0	0	0	0	0	0	0	0	0	0	0	0	0	0	0	1	0	1	1	6	3	4	3	3	1	3	2	4	4	5	4	4	3	1	0	0	0	0	0
ENSG00000136492~Q9BX63~BRIP1	0	0	0	0	0	0	0	0	0	0	0	0	0	0	1	1	1	1	2	1	1	0	0	0	1	1	0	0	1	1	1	1	1	1	1	1	1	1	1	1	0	1	0	0	0	0	0	0
ENSG00000128604~Q13568~IRF5	0	0	0	0	0	0	0	0	0	0	0	0	0	0	0	0	0	0	0	0	0	0	0	0	0	0	0	0	1	1	1	1	1	1	1	1	1	1	1	0	1	0	0	0	0	0	0	0
ENSG00000117713~O14497~ARID1A	0	0	0	0	0	0	0	0	0	0	0	0	0	0	0	0	0	0	0	0	0	0	0	0	0	0	1	1	2	3	2	3	2	1	2	1	2	2	1	3	2	1	1	0	0	0	0	0
ENSG00000104408~P60228~EIF3E	0	0	0	0	0	0	0	0	0	0	0	0	0	0	0	0	1	0	1	3	1	1	1	1	1	1	1	1	1	1	1	1	1	1	1	1	1	1	1	1	2	1	3	1	1	1	0	0
ENSG00000004848~Q96QS3~ARX	0	0	0	0	0	0	0	0	0	0	0	0	0	0	0	0	0	0	0	0	0	0	0	0	0	0	1	0	1	1	1	1	1	1	1	0	1	1	0	1	1	0	0	0	0	0	0	0
ENSG00000171345~P08727~KRT19	0	0	0	0	0	0	0	0	0	0	0	0	0	0	0	0	0	0	0	0	0	0	0	0	0	0	0	0	1	1	1	1	1	1	1	1	1	1	0	0	0	0	0	0	0	0	0	0
ENSG00000086232~Q9BQI3~EIF2AK1	0	0	0	0	0	0	0	0	0	0	0	0	0	0	0	0	0	1	0	0	0	1	0	1	0	0	1	0	1	1	1	1	1	1	1	1	1	1	1	1	1	1	0	2	0	1	0	0
ENSG00000116127~Q8TCU4~ALMS1	0	0	0	0	0	0	0	0	0	0	0	0	0	0	0	0	0	0	0	0	0	0	0	0	0	0	0	0	0	1	1	1	4	1	2	2	2	1	1	0	0	1	0	0	0	0	0	0
ENSG00000114480~Q04446~GBE1	1	2	0	1	1	1	0	1	1	1	1	0	1	1	0	0	1	2	2	2	3	0	0	1	1	1	1	1	1	1	1	1	1	1	1	1	1	1	1	1	1	4	1	0	1	1	1	1
ENSG00000033122~Q96NW7~LRRC7	0	0	0	0	0	0	0	0	0	0	0	0	0	0	0	0	0	0	0	0	0	0	0	0	0	0	0	0	2	1	2	2	2	2	2	2	1	2	2	0	1	1	0	0	0	0	0	0
ENSG00000133703~P01116~KRAS	0	0	0	0	0	0	0	0	0	0	0	0	0	0	0	0	5	5	0	0	0	0	0	0	1	1	1	1	3	3	2	3	3	2	3	2	0	1	1	2	6	0	0	1	1	1	1	1
ENSG00000049618~Q8NFD5~ARID1B	0	0	0	0	0	0	0	0	0	0	0	0	0	0	0	0	0	0	0	0	0	0	0	0	0	0	1	1	2	3	2	3	2	1	2	1	2	2	1	3	2	1	1	0	0	0	0	0
ENSG00000147402~Q9UN88~GABRQ	0	0	0	0	0	0	0	0	0	0	0	0	0	0	0	0	0	0	0	0	0	0	0	0	0	0	0	0	0	0	0	1	1	0	1	0	1	1	0	0	0	0	0	0	0	0	0	0
ENSG00000008086~O76039~CDKL5	0	0	0	0	0	0	0	0	0	0	0	0	0	0	0	0	0	0	0	0	1	0	0	2	0	0	0	0	1	1	1	0	1	1	1	1	1	1	1	2	1	1	1	0	0	0	0	0
ENSG00000071553~Q15904~ATP6AP1	0	0	0	0	0	0	0	0	0	0	0	0	0	0	0	0	0	0	0	0	0	0	0	0	0	0	1	1	1	1	1	1	1	1	1	1	1	1	2	2	2	1	2	0	0	0	0	0
ENSG00000117151~Q01459~CTBS	0	0	0	0	0	0	0	0	0	0	0	0	3	0	0	0	3	0	0	0	1	0	0	0	0	0	1	0	1	1	1	1	1	1	1	1	1	1	1	1	1	0	4	0	0	0	0	0
ENSG00000164978~P50583~NUDT2	0	1	0	1	1	0	0	1	1	1	2	0	0	0	0	0	0	0	0	0	0	0	1	0	1	1	1	1	1	1	1	1	1	2	1	1	1	1	1	1	1	0	4	0	0	0	0	0
ENSG00000117054~P11310~ACADM	1	2	0	1	0	0	0	0	0	0	1	1	1	0	2	0	0	0	0	0	0	1	0	0	3	4	1	1	1	0	1	1	1	1	1	1	1	2	1	1	1	0	1	0	0	0	0	0
ENSG00000109618~Q9HD40~SEPSECS	0	0	0	0	0	0	0	0	0	0	0	0	0	0	0	0	0	0	0	0	1	1	1	1	1	1	2	1	1	1	1	1	1	1	1	1	1	1	1	1	1	1	1	0	0	0	0	0
ENSG00000174373~Q6GYQ0~RALGAPA1	0	0	0	0	0	0	0	0	0	0	0	0	0	0	0	0	1	0	0	0	0	0	0	0	0	0	1	1	4	2	2	2	2	2	2	2	2	4	2	2	3	1	1	0	0	0	0	0
ENSG00000067842~Q16720~ATP2B3	0	0	0	0	0	0	0	0	0	0	0	0	0	1	0	0	2	5	11	10	4	3	0	8	3	3	1	1	1	3	4	4	4	4	4	4	4	4	5	4	5	1	1	1	2	5	1	1
ENSG00000131482~P35575~G6PC	0	0	0	0	0	0	0	0	0	0	0	0	0	0	0	0	0	0	0	0	0	0	0	0	0	0	0	1	2	1	0	1	2	2	2	1	2	2	1	1	2	0	2	0	0	0	0	0
ENSG00000074266~O75530~EED	0	0	0	0	0	0	0	0	0	0	0	0	0	0	0	0	0	0	1	1	0	0	0	0	0	2	1	2	1	1	1	1	1	1	1	1	1	1	1	1	1	1	1	0	1	0	0	0
ENSG00000053254~O00409~FOXN3	0	0	0	0	0	0	0	0	0	0	0	0	0	0	0	0	0	0	0	0	0	0	0	0	0	0	0	0	2	1	1	1	1	2	1	1	2	0	2	1	2	1	1	0	0	0	0	0
ENSG00000150995~Q14643~ITPR1	0	0	0	0	0	0	0	0	0	0	0	0	0	0	0	0	1	0	0	0	1	0	0	2	1	1	1	1	4	3	3	3	3	1	3	2	4	3	3	4	3	1	0	0	0	0	0	0
ENSG00000073331~Q96QP1~ALPK1	0	0	0	0	0	0	0	0	0	0	0	0	0	0	0	0	0	0	0	0	0	0	0	0	0	0	0	0	1	0	1	1	1	1	1	1	1	1	1	1	1	0	0	0	0	0	0	0
ENSG00000108821~P02452~COL1A1	0	0	0	0	0	0	0	0	0	0	0	0	0	0	0	0	0	0	0	0	0	0	0	0	0	0	1	0	4	4	4	4	4	2	4	4	4	3	6	7	5	1	1	0	0	0	0	0
ENSG00000187955~Q05707~COL14A1	0	0	0	0	0	0	0	0	0	0	0	0	0	0	0	0	0	0	0	0	0	0	0	0	0	0	0	0	2	3	2	1	2	1	2	1	2	0	2	5	3	0	0	0	0	0	0	0
ENSG00000198216~Q15878~CACNA1E	0	0	0	0	0	0	0	0	0	0	0	0	0	0	0	0	0	0	0	0	2	0	0	5	2	2	5	2	4	5	7	7	7	5	7	4	6	3	8	12	11	2	2	0	0	0	0	0
ENSG00000140521~P54098~POLG	0	0	0	0	0	0	0	0	0	0	0	0	0	0	0	0	0	0	0	0	0	0	0	0	1	2	1	1	1	1	1	1	1	0	1	0	1	1	1	1	2	1	1	1	1	1	1	1
ENSG00000135486~P09651~HNRNPA1	0	0	0	0	0	0	0	0	0	0	0	0	0	0	0	0	0	0	0	0	0	0	0	0	0	1	0	3	1	1	2	2	1	3	2	4	8	2	0	1	1	1	1	0	0	0	0	0
ENSG00000136010~Q3SY69~ALDH1L2	1	1	1	1	1	1	1	1	1	1	2	1	1	1	0	1	1	0	1	1	2	0	1	1	1	1	2	2	3	2	3	3	3	3	3	3	3	3	2	3	2	2	3	1	1	1	1	1
ENSG00000197785~Q9NVI7~ATAD3A	0	0	0	0	0	0	0	0	0	0	0	0	0	0	0	0	0	0	4	2	0	0	1	1	1	1	1	1	1	1	1	1	1	4	3	3	1	1	1	1	1	2	1	0	0	0	0	0
ENSG00000184634~Q93074~MED12	0	0	0	0	0	0	0	0	0	0	0	0	0	0	0	0	0	0	0	0	0	0	0	0	1	1	1	1	0	2	2	3	2	2	2	2	2	2	2	1	2	1	5	0	0	0	0	0
ENSG00000155111~Q9BWU1~CDK19	0	0	0	0	0	0	0	0	0	0	0	0	0	0	0	0	1	0	1	1	1	0	0	0	1	1	1	1	2	2	2	1	2	2	2	1	2	2	2	2	2	0	3	1	1	1	1	1
ENSG00000198886~P03905~MT-ND4	1	2	0	1	1	1	2	1	0	3	2	1	0	1	0	1	1	0	0	1	1	0	0	0	0	0	1	1	0	1	1	1	2	1	1	1	1	1	1	1	1	0	1	0	0	0	0	0
ENSG00000055130~Q13616~CUL1	0	0	0	0	0	0	0	0	0	0	0	0	0	0	0	0	2	2	2	3	1	0	1	2	2	3	1	1	1	1	1	1	1	1	1	1	1	0	1	1	2	1	1	1	1	1	1	1
ENSG00000157764~P15056~BRAF	0	0	0	0	0	0	0	0	0	0	0	0	0	0	0	0	0	0	0	0	0	0	0	0	1	1	1	1	2	2	2	2	3	3	3	3	3	3	3	3	4	1	1	0	0	0	0	0
ENSG00000116748~P23109~AMPD1	0	0	0	0	0	0	0	0	0	0	0	0	0	0	0	0	1	2	1	2	1	3	1	1	1	1	1	1	2	1	3	2	3	2	3	3	3	3	2	6	3	1	1	1	1	1	1	1
ENSG00000175984~Q68D51~DENND2C	0	0	0	0	0	0	0	0	0	0	0	0	0	0	0	0	0	0	0	0	0	1	0	0	0	0	1	0	1	3	2	3	3	2	3	3	3	3	3	4	1	0	1	0	0	0	0	0
ENSG00000151914~O94833~DST	0	0	0	0	0	0	0	0	0	0	0	0	0	0	0	0	0	0	0	0	0	0	0	0	1	2	1	1	4	6	4	6	5	4	4	2	5	5	6	4	7	6	3	0	0	0	0	0
ENSG00000134780~Q9Y4D2~DAGLA	0	0	0	0	0	0	0	0	0	0	0	0	0	0	0	0	1	3	0	0	1	1	0	0	0	0	1	1	1	1	0	1	1	1	1	1	1	1	2	1	1	1	3	0	0	0	0	0
ENSG00000166402~P50607~TUB	0	0	0	0	0	0	0	0	0	0	0	0	0	0	0	0	0	0	3	2	1	0	0	1	1	1	1	1	2	1	1	1	1	1	1	1	1	1	1	2	1	0	1	0	0	0	0	0
ENSG00000105576~O14787~TNPO2	0	0	0	0	0	0	0	0	0	0	0	0	0	0	0	0	1	2	1	1	1	1	1	1	1	0	1	2	2	1	2	2	2	2	2	2	2	2	2	3	3	1	2	1	1	1	1	1
ENSG00000109099~Q01453~PMP22	0	0	0	0	0	0	0	0	0	0	0	0	0	0	0	0	0	0	0	0	0	0	0	0	0	0	0	0	1	1	1	1	1	1	1	1	1	1	0	1	1	0	0	0	0	0	0	0
ENSG00000107077~Q9H3R0~KDM4C	0	0	0	0	0	0	0	0	0	0	0	0	0	0	0	0	0	0	1	0	2	0	0	1	1	1	2	2	2	2	3	2	3	3	3	3	3	2	2	3	4	1	1	0	1	1	1	1
ENSG00000162063~P41002~CCNF	0	0	0	0	0	0	0	0	0	0	0	0	0	0	0	0	0	0	0	0	0	0	0	0	0	0	0	0	1	1	1	1	1	1	1	1	1	1	1	1	1	0	2	0	0	0	0	0
ENSG00000165389~Q969W0~SPTSSA	0	0	0	0	0	0	0	0	0	0	0	0	0	0	0	0	0	0	0	0	0	0	0	0	0	0	1	0	1	1	1	1	1	1	1	1	0	1	0	1	1	0	0	0	0	0	0	0
ENSG00000181143~Q8WXI7~MUC16	0	0	0	0	0	0	0	0	0	0	0	0	0	0	0	0	0	0	0	0	0	0	0	0	0	0	0	0	0	2	4	2	1	1	1	1	1	1	1	0	0	0	0	0	0	0	0	0
ENSG00000011485~P53041~PPP5C	0	0	0	0	0	0	0	0	0	0	0	0	0	0	0	0	1	1	1	1	1	1	1	1	1	0	1	1	1	0	1	1	1	1	1	1	1	1	1	1	1	2	1	1	1	0	1	1
ENSG00000091262~O95255~ABCC6	0	0	1	0	0	0	0	0	0	0	0	0	0	0	0	0	13	6	15	14	4	7	1	34	8	8	8	13	7	10	10	14	11	10	12	10	12	30	11	12	8	6	27	2	5	5	3	7
ENSG00000126934~P36507~MAP2K2	0	0	0	0	0	0	0	0	0	0	0	0	0	0	0	0	1	0	3	2	1	1	0	3	1	1	1	1	1	2	2	2	2	1	2	2	2	2	1	2	3	1	1	1	1	1	2	2
ENSG00000153827~Q14669~TRIP12	0	0	0	0	0	0	0	0	0	0	0	0	0	0	0	0	1	0	1	2	2	1	1	0	0	0	1	1	1	1	1	1	1	2	1	1	1	1	1	1	1	1	1	1	1	1	1	1
ENSG00000183735~Q9UHD2~TBK1	0	0	0	0	0	0	0	0	0	0	0	0	0	0	0	0	0	0	0	0	0	0	0	0	0	0	1	1	1	2	1	2	2	2	2	2	2	2	2	1	3	1	1	0	0	0	0	0
ENSG00000108774~P51148~RAB5C	0	0	0	0	0	0	0	0	0	0	0	0	0	0	0	0	1	1	2	2	1	2	2	2	1	0	1	1	5	3	3	4	4	4	4	4	4	4	2	4	4	1	1	1	2	2	2	1
ENSG00000154864~Q9H5I5~PIEZO2	0	0	0	0	0	0	0	0	0	0	0	0	0	0	0	0	1	2	1	0	0	2	0	0	1	2	1	2	3	2	6	5	3	4	4	3	3	3	6	5	1	3	2	0	0	0	0	0
ENSG00000183337~Q6W2J9~BCOR	0	0	0	0	0	0	0	0	0	0	0	0	0	0	0	0	0	0	0	0	0	0	0	0	0	0	0	0	1	1	1	0	1	1	1	1	1	2	1	3	1	1	1	0	0	0	0	0
ENSG00000155966~P51816~AFF2	0	0	0	0	0	0	0	0	0	0	0	0	0	0	0	0	0	0	0	0	0	0	0	0	0	0	0	0	1	0	1	1	1	1	1	1	1	1	1	0	1	0	0	0	0	0	0	0
ENSG00000148400~P46531~NOTCH1	0	0	0	0	0	0	0	0	0	0	0	0	0	0	0	0	0	0	0	0	0	0	0	0	2	4	1	1	3	3	4	4	4	3	4	3	4	3	3	3	4	2	59	0	0	0	0	0
ENSG00000197386~P42858~HTT	0	0	0	0	0	0	0	0	0	0	0	0	0	0	0	0	1	0	0	0	0	0	0	0	0	0	2	1	1	1	1	1	1	1	1	1	1	1	1	1	1	2	3	0	0	0	0	0
ENSG00000196365~P36776~LONP1	2	1	1	2	1	2	3	1	1	0	3	1	1	1	0	1	2	0	4	2	0	0	1	2	2	2	1	1	2	2	2	2	2	2	2	2	2	2	2	2	2	2	1	1	2	2	2	1
ENSG00000122966~O14578~CIT	0	0	0	0	0	0	0	0	0	0	0	0	0	0	0	0	0	0	0	0	0	0	0	0	0	0	1	1	1	1	1	2	1	1	1	1	1	1	2	2	0	2	4	0	0	0	0	0
ENSG00000169750~P60763~RAC3	0	0	0	0	0	0	0	0	0	0	0	0	0	0	0	0	0	0	0	0	0	0	0	0	0	0	0	0	0	1	0	0	1	1	1	0	0	1	0	0	0	0	0	0	0	0	0	0
ENSG00000078142~Q8NEB9~PIK3C3	0	0	0	0	0	0	0	0	0	0	0	0	0	0	0	0	1	1	1	2	1	1	1	1	1	1	1	1	1	0	1	1	1	1	1	1	0	1	1	1	1	1	1	1	1	1	1	1
ENSG00000125965~P43026~GDF5	0	0	0	0	0	0	0	0	0	0	0	0	0	0	0	0	0	0	0	0	0	0	0	0	0	0	0	0	1	1	1	1	1	1	1	1	1	0	0	0	1	0	0	0	0	0	0	0
ENSG00000121067~O43791~SPOP	0	0	0	0	0	0	0	0	0	0	0	0	0	0	0	0	1	0	2	9	0	0	0	0	1	1	1	1	2	2	1	2	2	2	2	2	2	2	1	2	3	1	0	0	0	0	0	0
ENSG00000005194~Q6FI81~CIAPIN1	0	0	0	0	0	0	0	0	0	0	0	0	0	0	0	0	1	0	1	1	0	1	1	1	1	1	1	1	1	1	1	1	1	2	1	1	1	1	1	1	1	1	2	1	1	1	1	1
ENSG00000135414~O95390~GDF11	0	0	0	0	0	0	0	0	0	0	0	0	0	0	0	0	0	0	0	0	0	0	0	0	1	0	1	0	1	0	0	1	1	1	1	1	1	1	1	1	1	0	2	0	0	0	0	0
ENSG00000165478~Q14CZ8~HEPACAM	0	0	0	0	0	0	0	0	0	0	0	0	0	0	0	0	0	0	0	0	0	0	0	0	0	0	0	0	1	1	1	0	1	1	1	1	1	1	1	1	1	0	0	0	0	0	0	0
ENSG00000075239~P24752~ACAT1	2	1	0	3	2	3	0	0	0	0	2	1	1	0	1	0	1	0	2	2	1	0	1	2	3	3	3	3	3	3	3	3	4	3	3	2	3	3	2	3	3	2	4	1	2	2	1	1
ENSG00000142700~Q96SC8~DMRTA2	0	0	0	0	0	0	0	0	0	0	0	0	0	0	0	0	0	0	0	0	0	0	0	0	0	0	0	0	1	0	1	1	1	1	1	1	0	1	0	1	1	0	1	0	0	0	0	0
ENSG00000096093~Q5JVL4~EFHC1	0	0	0	0	0	0	0	0	0	0	0	0	0	0	0	0	0	0	0	0	2	1	0	1	1	1	1	0	1	1	1	1	1	1	1	1	1	1	1	1	1	1	1	0	0	0	0	0
ENSG00000196218~P21817~RYR1	0	0	0	0	0	0	0	0	0	0	0	0	0	1	0	0	0	0	0	0	0	0	0	0	1	1	1	1	1	2	3	5	3	6	3	2	2	4	4	6	6	0	5	0	0	0	0	0
ENSG00000169071~Q01974~ROR2	0	0	0	0	0	0	0	0	0	0	0	0	0	0	0	0	0	0	0	0	0	0	0	0	1	1	1	1	2	2	2	2	2	2	2	2	2	2	1	2	1	1	1	0	0	0	0	0
ENSG00000132383~P27694~RPA1	0	0	0	0	0	0	0	0	0	0	0	0	0	0	0	0	1	1	3	2	1	1	1	1	1	1	1	1	1	1	1	1	1	2	1	1	1	1	1	2	1	0	3	1	1	1	1	1
ENSG00000160789~P02545~LMNA	0	0	0	0	0	0	0	0	0	0	0	0	0	0	0	0	0	0	0	0	0	0	0	0	0	0	0	0	1	1	1	1	1	1	1	1	0	1	1	1	1	0	0	0	0	0	0	0
ENSG00000140443~P08069~IGF1R	0	0	0	0	0	0	0	0	0	0	0	0	0	0	0	0	0	0	0	0	0	0	0	0	1	1	1	1	3	2	3	3	3	2	3	3	2	2	3	3	3	0	2	0	0	0	0	0
ENSG00000110446~Q8IY34~SLC15A3	0	0	0	0	0	0	0	0	0	0	0	0	0	0	0	0	0	0	0	0	0	0	0	0	0	0	0	0	0	0	1	1	1	1	1	1	1	1	0	0	0	0	0	0	0	0	0	0
ENSG00000092607~Q96SF7~TBX15	0	0	0	0	0	0	0	0	0	0	0	0	0	0	0	0	0	0	0	0	0	0	0	0	0	0	0	0	0	1	1	1	1	1	1	1	1	1	1	1	1	0	0	0	0	0	0	0
ENSG00000159363~Q9NQ11~ATP13A2	0	0	0	0	0	0	0	0	0	0	0	0	0	0	0	0	3	0	0	0	1	0	1	12	3	2	1	1	7	3	4	4	4	3	4	2	4	5	2	3	1	1	3	1	1	1	1	1
ENSG00000206561~Q9Y215~COLQ	0	0	0	0	0	0	0	0	0	0	0	0	0	0	0	0	0	0	0	0	0	0	0	0	0	0	0	0	0	1	1	1	1	1	1	1	1	2	1	2	1	0	1	0	0	0	0	0
ENSG00000165474~P29033~GJB2	0	0	0	0	0	0	0	0	0	0	0	0	0	0	0	0	0	0	0	0	0	0	0	0	0	0	0	0	0	0	1	1	1	1	1	1	0	1	1	0	1	0	0	0	0	0	0	0
ENSG00000084774~P27708~CAD	1	1	1	1	1	1	1	2	0	1	1	1	2	2	1	1	1	0	1	1	1	1	2	0	1	1	1	1	2	1	2	2	2	2	2	2	2	2	3	2	2	1	2	2	2	2	2	2
ENSG00000128602~Q99835~SMO	0	0	0	0	0	0	0	0	0	0	0	0	0	0	0	0	0	0	0	0	0	0	0	0	0	0	1	1	1	1	1	1	1	1	1	1	1	1	1	1	1	1	1	0	0	0	0	0
ENSG00000093009~O75419~CDC45	0	0	0	0	0	0	0	0	0	0	0	0	0	0	0	0	1	1	1	2	1	1	0	1	2	1	1	1	1	1	1	1	1	1	1	1	1	1	1	1	1	1	3	1	1	1	1	1
ENSG00000151327~Q8N128~FAM177A1	0	0	0	0	0	0	0	0	0	0	0	0	0	0	0	0	0	0	0	0	0	0	0	0	0	0	1	1	0	1	1	1	2	1	1	1	1	1	1	1	1	0	1	0	0	0	0	0
ENSG00000113360~Q9NRR4~DROSHA	0	1	1	1	1	1	1	0	1	1	1	1	1	1	0	0	0	0	0	2	0	0	0	0	1	1	1	1	1	1	1	1	1	1	1	1	1	1	1	1	1	1	0	1	1	0	1	1
ENSG00000177380~O75145~PPFIA3	0	0	0	0	0	0	0	0	0	0	0	0	0	0	0	0	0	0	0	0	0	0	0	0	1	1	1	1	2	3	4	4	4	4	4	3	4	4	3	5	2	1	2	0	0	0	0	0
ENSG00000105186~Q96NW4~ANKRD27	0	0	0	0	0	0	0	0	0	0	0	0	0	0	0	0	0	0	0	0	0	0	0	0	0	0	2	0	2	1	1	1	1	1	1	1	1	2	1	1	1	1	1	0	0	0	0	0
ENSG00000184009~P63261~ACTG1	0	0	0	0	0	0	0	0	0	0	0	0	0	0	0	0	25	8	9	9	1	1	2	1	5	8	5	6	6	7	15	8	7	5	10	6	2	4	5	9	9	16	15	1	1	1	1	1
ENSG00000166833~Q8IVL1~NAV2	0	0	0	0	0	0	0	0	0	0	0	0	0	0	0	0	0	0	0	0	0	0	0	0	1	1	1	1	3	2	3	2	3	3	3	2	3	3	4	4	2	1	1	0	0	0	0	0
ENSG00000152556~P08237~PFKM	1	3	1	1	1	0	2	1	0	0	2	1	1	3	0	0	1	3	6	4	2	1	0	3	1	1	1	1	2	3	1	3	3	2	3	2	3	3	1	6	5	1	1	1	1	1	2	2
ENSG00000166167~Q9Y297~BTRC	0	0	0	0	0	0	0	0	0	0	0	0	0	0	0	0	0	0	0	0	0	0	0	0	1	1	1	1	2	2	2	2	2	2	2	2	2	1	2	1	2	1	1	1	2	2	0	0
ENSG00000163541~P53597~SUCLG1	1	2	0	1	1	1	1	1	1	0	1	1	1	1	1	0	1	0	2	1	1	2	1	1	2	2	1	2	1	1	1	1	1	1	1	1	1	1	1	1	1	0	1	1	1	1	1	1
ENSG00000104044~Q04671~OCA2	0	0	1	0	1	0	0	0	0	0	0	0	0	0	1	0	1	0	1	4	0	0	0	0	0	0	2	4	1	1	1	1	1	1	1	1	1	1	1	1	1	0	1	0	0	0	0	0
ENSG00000152208~O43424~GRID2	0	0	0	0	0	0	0	0	0	0	0	0	0	0	0	0	0	0	0	0	1	0	0	0	0	0	0	0	1	2	2	2	2	1	2	2	3	2	2	3	2	0	0	0	0	0	0	0
ENSG00000115758~P11926~ODC1	0	1	1	1	0	1	0	1	0	0	0	0	0	0	0	1	1	1	0	2	2	1	1	1	1	1	1	2	2	1	2	1	1	2	1	1	1	4	1	1	1	2	1	1	1	1	1	1
ENSG00000135931~Q7Z3E5~ARMC9	0	0	0	0	0	0	0	0	0	0	0	0	0	0	0	0	0	0	0	0	0	0	0	1	1	1	0	0	1	1	1	1	1	0	1	1	1	1	2	1	1	1	4	0	0	0	0	0
ENSG00000161217~P49585~PCYT1A	0	0	0	0	0	0	0	0	0	0	0	0	0	0	0	0	1	0	2	3	0	0	1	1	1	1	1	2	2	2	2	2	2	1	2	1	2	2	1	3	4	1	2	1	1	1	1	1
ENSG00000188994~O60281~ZNF292	0	0	0	0	0	0	0	0	0	0	0	0	0	0	0	0	0	0	0	0	0	0	0	0	0	0	0	0	2	2	2	2	2	2	2	2	2	2	2	3	3	0	0	0	0	0	0	0
ENSG00000145907~Q13283~G3BP1	0	0	0	0	0	0	0	0	0	0	0	0	0	0	0	0	0	0	2	2	0	0	0	0	0	0	0	0	1	1	3	1	1	1	1	0	1	1	1	0	1	1	0	1	0	0	0	0
ENSG00000176248~Q9UJX6~ANAPC2	0	0	0	0	0	0	0	0	0	0	0	0	0	0	0	0	1	0	1	1	0	1	0	1	1	1	1	1	1	1	1	1	1	1	1	1	1	0	1	1	1	1	2	1	1	1	1	1
ENSG00000166033~Q92743~HTRA1	2	4	1	4	2	1	2	1	1	2	3	2	3	1	1	0	0	0	3	2	2	0	1	0	0	0	1	1	2	1	4	4	4	4	4	2	4	3	2	4	7	1	2	0	0	0	0	0
ENSG00000166250~Q9H6B4~CLMP	0	0	0	0	0	0	0	0	0	0	0	0	0	0	0	0	0	0	0	0	0	0	0	0	0	0	0	0	1	1	1	1	1	1	1	1	1	1	1	1	1	0	0	0	0	0	0	0
ENSG00000110799~P04275~VWF	0	0	0	0	0	0	0	0	0	0	0	0	0	0	0	0	0	0	0	0	0	0	0	0	1	0	0	1	9	5	4	6	6	4	6	3	5	4	2	3	4	2	0	0	0	0	0	0
ENSG00000180828~Q8NFJ8~BHLHE22	0	0	0	0	0	0	0	0	0	0	0	0	0	0	0	0	0	0	0	0	0	0	0	0	1	0	0	0	0	1	1	1	1	1	1	1	0	1	0	2	1	0	0	0	0	0	0	0
ENSG00000171316~Q9P2D1~CHD7	0	0	0	0	0	0	0	0	0	0	0	0	0	0	0	0	1	2	0	0	1	0	0	1	1	1	1	1	6	3	5	3	4	4	4	2	3	4	6	5	1	1	0	0	0	0	0	0
ENSG00000145536~Q8TE57~ADAMTS16	0	0	0	0	0	0	0	0	0	0	0	0	0	0	0	0	0	0	0	0	0	0	0	0	0	0	1	1	5	2	6	6	6	7	6	4	4	7	4	5	3	3	3	0	0	0	0	0
ENSG00000066336~P17947~SPI1	0	0	0	0	0	0	0	0	0	0	0	0	0	0	0	0	0	0	0	0	0	0	0	0	0	0	0	0	1	1	1	1	1	1	1	1	1	1	1	1	1	0	0	0	0	0	0	0
ENSG00000198742~Q9HCE7~SMURF1	0	0	0	0	0	0	0	0	0	0	0	0	0	0	0	0	1	0	0	0	0	0	0	0	0	0	1	1	2	2	2	3	2	2	2	2	2	2	2	3	2	1	1	2	0	0	0	0
ENSG00000103507~O14874~BCKDK	0	0	0	0	0	0	0	0	0	0	0	0	0	0	0	0	0	0	0	0	0	0	0	0	0	0	0	0	1	0	1	1	1	1	1	1	1	1	1	1	1	0	1	0	1	0	1	1
ENSG00000007314~P35499~SCN4A	0	0	0	0	0	0	0	0	0	0	0	0	0	0	0	0	0	0	0	0	5	1	0	0	0	0	1	2	7	7	8	10	10	8	10	9	6	9	8	9	7	2	1	0	0	0	0	0
ENSG00000039139~Q8TE73~DNAH5	0	0	0	0	0	0	0	0	0	0	0	0	0	0	0	0	1	0	0	0	16	12	6	25	2	2	11	12	11	11	17	9	14	19	23	14	17	15	24	11	11	27	25	1	1	1	1	1
ENSG00000099949~Q8N653~LZTR1	0	0	0	0	0	0	0	0	0	0	0	0	0	0	0	0	1	0	0	0	0	1	1	1	0	0	1	1	1	1	1	1	1	1	1	1	0	1	0	1	1	0	1	0	0	0	0	0
ENSG00000104885~Q8TEK3~DOT1L	0	0	0	0	0	0	0	0	0	0	0	0	0	0	0	0	0	0	0	0	0	0	0	0	2	1	1	1	1	0	1	1	1	1	1	1	1	1	2	1	1	1	0	0	1	1	1	0
ENSG00000108474~Q9Y2B2~PIGL	1	0	0	0	0	0	0	0	0	0	0	0	0	0	0	0	1	1	2	1	1	1	1	1	0	0	1	1	1	1	1	1	1	1	1	1	1	1	1	1	1	2	0	1	1	1	1	1
ENSG00000140368~O43586~PSTPIP1	0	0	0	0	0	0	0	0	0	0	0	0	0	0	0	0	0	0	0	0	0	0	0	0	0	0	0	0	0	1	1	1	1	1	1	1	1	1	1	2	1	1	3	2	1	1	0	0
ENSG00000169247~Q8TF17~SH3TC2	0	0	0	0	0	0	0	0	0	0	0	0	0	0	0	0	0	0	0	0	0	0	0	0	0	0	0	0	0	2	2	2	2	2	2	2	2	1	3	2	0	0	0	0	0	0	0	0
ENSG00000141367~Q00610~CLTC	0	0	0	0	0	0	0	0	0	0	0	0	0	0	0	0	1	0	2	1	1	1	1	1	1	1	1	1	1	2	2	1	1	1	2	2	2	1	1	3	3	2	2	1	1	1	1	1
ENSG00000157184~P23786~CPT2	0	0	0	0	0	0	0	0	0	0	0	0	0	0	0	0	0	0	0	0	0	2	0	0	1	1	1	1	1	1	2	1	1	1	1	1	1	1	4	1	1	1	1	0	1	1	1	1
ENSG00000107331~Q9BZC7~ABCA2	1	14	1	2	1	1	1	0	1	2	5	2	2	1	2	6	9	2	12	5	3	9	0	22	4	5	9	6	6	5	10	10	11	6	7	5	11	8	4	10	1	2	5	0	1	1	0	0
ENSG00000081189~Q06413~MEF2C	0	0	0	0	0	0	0	0	0	0	0	0	0	0	0	0	0	0	0	0	0	0	0	0	0	0	0	0	1	1	1	1	1	1	1	1	1	1	1	1	2	0	0	1	0	0	0	0
ENSG00000177463~P49116~NR2C2	0	0	0	0	0	0	0	0	0	0	0	0	0	0	0	0	0	0	0	0	0	0	0	0	0	0	1	1	2	2	2	2	2	2	2	1	2	2	2	2	1	1	1	0	0	0	0	0
ENSG00000167971~Q8WXD9~CASKIN1	0	0	0	0	0	0	0	0	0	0	0	0	0	0	0	0	0	0	0	0	0	0	0	0	0	0	0	0	2	2	2	2	2	2	2	2	2	2	1	2	5	2	1	0	0	0	0	0
ENSG00000176986~P53992~SEC24C	0	0	0	0	0	0	0	0	0	0	0	0	0	0	0	0	1	1	2	2	1	1	0	1	1	1	0	1	2	2	2	2	2	2	2	2	2	2	2	2	1	0	1	1	1	1	1	1
ENSG00000099991~Q9Y6J0~CABIN1	0	0	0	0	0	0	0	0	0	0	0	0	0	0	0	0	0	0	0	0	0	0	0	0	0	0	1	0	1	1	1	1	1	2	1	1	1	1	4	1	1	2	1	0	0	0	0	0
ENSG00000178522~Q9NP70~AMBN	0	0	0	0	0	0	0	0	0	0	0	0	0	0	0	0	0	0	0	0	0	0	0	0	0	0	0	0	1	0	1	1	1	1	1	1	1	1	1	0	0	0	0	0	0	0	0	0
ENSG00000113441~Q9UIQ6~LNPEP	0	0	0	0	0	0	0	0	0	0	0	0	0	0	0	0	0	0	0	0	0	0	0	0	1	1	0	0	2	2	2	2	2	3	3	3	3	3	3	3	4	2	0	0	0	0	0	0
ENSG00000103313~O15553~MEFV	0	0	0	0	0	0	0	0	0	0	0	0	0	0	0	0	0	0	0	0	0	0	0	0	0	0	0	0	0	0	1	1	1	1	1	1	1	1	0	0	0	0	0	0	0	0	0	0
ENSG00000008853~Q9BYZ6~RHOBTB2	0	0	0	0	0	0	0	0	0	0	0	0	0	0	0	0	0	0	0	0	0	0	0	0	0	0	1	1	2	2	2	2	2	2	2	2	2	5	2	2	1	2	1	0	0	0	0	0
ENSG00000078369~P62873~GNB1	0	0	0	0	0	0	0	0	0	0	0	0	0	0	0	0	0	1	1	1	0	0	0	1	1	1	3	1	2	2	3	4	4	1	4	3	4	4	2	4	3	1	1	1	1	1	1	1
ENSG00000082996~O43567~RNF13	0	0	0	0	0	0	0	0	0	0	0	0	0	0	0	0	0	0	1	0	0	0	0	0	1	1	1	1	1	1	1	1	1	1	1	1	1	1	1	0	1	1	1	1	0	0	0	0
ENSG00000167716~Q562E7~WDR81	0	0	0	0	0	0	0	0	0	0	0	0	0	0	0	0	0	0	1	0	0	0	0	0	1	0	1	1	1	1	1	1	1	1	1	1	1	1	1	1	0	2	5	0	0	0	0	0
ENSG00000065413~Q8N8A2~ANKRD44	1	1	0	0	1	1	1	0	0	0	0	3	0	0	0	0	4	5	14	18	2	1	1	3	1	2	2	2	4	5	5	6	6	6	6	6	6	6	6	11	9	2	340	1	1	7	0	2
ENSG00000130787~O75146~HIP1R	0	0	0	0	0	0	0	0	0	0	0	0	0	0	0	0	1	2	0	0	0	0	0	0	1	1	1	1	2	2	1	2	2	2	2	2	2	2	2	3	3	1	2	1	1	1	0	1
ENSG00000160753~Q9BVN2~RUSC1	0	0	0	0	0	0	0	0	0	0	0	0	0	0	0	0	0	0	0	0	0	0	0	0	0	0	0	0	0	1	1	1	1	1	1	1	0	0	0	0	0	0	0	0	0	0	0	0
ENSG00000104833~P04350~TUBB4A	0	0	0	0	0	0	0	0	0	0	0	0	0	0	0	0	1	2	9	8	2	18	1	3	5	5	2	4	7	6	5	7	9	14	14	10	6	7	6	7	8	1	11	1	1	2	1	1
ENSG00000172354~P62879~GNB2	0	0	0	0	0	0	0	0	0	0	0	0	0	0	0	0	0	1	1	1	0	0	0	1	1	1	3	1	2	2	3	4	4	1	4	3	4	4	2	4	3	1	1	1	1	1	1	1
ENSG00000184014~Q6IQ26~DENND5A	0	0	0	0	0	0	0	0	0	0	0	0	0	0	0	0	0	0	0	0	1	0	0	0	1	0	1	1	2	1	2	1	2	2	2	2	2	2	1	2	3	2	1	0	0	0	0	0
ENSG00000198668~P62158~CALM1	0	0	0	0	0	0	0	0	0	0	0	0	0	0	0	0	1	1	7	5	1	3	1	1	1	1	1	1	2	1	4	4	3	3	3	3	3	1	1	3	6	1	5	1	1	1	1	1
ENSG00000197629~Q2M385~MPEG1	0	0	0	0	0	0	0	0	0	0	0	0	0	0	0	0	0	0	0	0	0	0	0	0	0	0	0	0	0	0	1	1	2	1	1	1	0	0	1	0	2	0	0	0	0	0	0	0
ENSG00000170921~Q9HCD6~TANC2	0	0	0	0	0	0	0	0	0	0	0	0	0	0	0	0	0	0	0	0	0	0	0	0	0	0	1	1	2	2	2	2	2	2	2	2	2	2	2	4	0	0	1	0	1	0	0	0
ENSG00000183091~P20929~NEB	0	0	0	0	0	0	0	0	0	0	0	0	0	0	0	0	0	0	0	0	0	0	0	0	0	0	0	0	1	2	3	3	2	3	3	3	5	4	3	3	2	1	0	0	0	0	0	0
ENSG00000090006~Q8N2S1~LTBP4	0	0	0	0	0	0	0	0	0	0	0	0	0	0	0	0	0	0	0	0	0	0	0	0	0	0	0	0	3	2	4	3	4	3	4	3	2	4	3	3	2	0	0	0	0	0	0	0
ENSG00000141385~Q9Y4W6~AFG3L2	3	1	1	1	1	1	1	1	1	3	1	1	1	1	0	1	2	0	7	4	3	1	2	2	1	1	1	1	1	1	2	1	2	2	1	1	1	2	2	3	1	1	1	1	1	1	2	2