,polarity_value_diff,net_charge_value_diff,hydrophobicity_value_diff,normalized_vdw_value_diff,polarizability_value_diff,pK_COOH_value_diff,pK_NH2_value_diff,hydration_value_diff,molecular_weight_value_diff,optical_rotation_value_diff,secondary_structure_value_diff,free_energy_solution_value_diff,number_of_hydrogen_bond_value_diff,volumes_of_residues_value_diff,transfer_free_energy_value_diff,side_chain_interaction_value_diff,number_of_vertices_value_diff,number_of_edges_value_diff,eccentricity_value_diff,diameter_value_diff,atomic_number_value_diff
0,,,,,,,,,,,,,,,,,,,,,
1,0.04,1,-0.22,0.17,0.029,-0.02,-0.54,0.6,-0.98,-5.7,0,-1.039,1,1.8,0.0,0.04,0.0,0.0,-0.14,0.0,-1.0
2,-1.72,1,-1.83,-1.95,-0.118,-1.2,-0.45,-2.7,-30.04,46.2,-1,-2.63,3,-13.7,-1.7,-1.89,-3.0,-5.0,-2.98,-2.0,-23.0
3,1.48,0,2.38,1.4,0.078,0.26,0.5,2.5,12.05,17.0,-1,1.07,-1,37.4,0.7,1.79,1.0,1.0,1.75,2.0,3.0
4,-0.36,-1,-0.01,3.78,0.151,-0.15,-0.11,-1.0,72.06,12.0,-2,2.295,1,87.1,-1.0,-2.62,5.0,5.0,6.0,8.0,33.0
5,-1.72,1,-1.83,-1.95,-0.118,-1.2,-0.45,-2.7,-30.04,46.2,-1,-2.63,3,-13.7,-1.7,-1.89,-3.0,-5.0,-2.98,-2.0,-23.0
6,,,,,,,,,,,,,,,,,,,,,
7,0.41,-2,-0.27,-0.99,-0.068,0.01,0.49,0.2,0.94,-2.6,0,1.77,-1,-7.9,1.1,0.97,0.0,0.0,-1.0,-1.0,3.0
8,0.43,-1,-0.3,-6.13,-0.291,1.16,0.79,0.0,-99.13,-12.5,2,0.505,-4,-128.6,1.7,1.81,-7.0,-7.0,-8.12,-12.0,-38.0
9,-1.5,0,-2.03,-3.0,-0.14,0.02,0.16,-1.1,-42.08,-5.63,1,-0.926,0,-70.9,-0.3,-0.89,-3.0,-3.0,-3.25,-4.0,-17.0
10,0.97,0,1.06,1.71,0.096,-0.2,0.37,1.8,23.04,-32.9,-2,0.0,-1,24.9,0.4,1.86,2.0,2.0,1.71,3.0,13.993
11,-1.27,0,-1.01,-5.89,-0.29,-1.83,-9.18,-2.8,-165.19,34.5,-2,-1.06,0,-198.8,-0.5,-7.98,-8.0,-8.0,-7.0,-11.0,-48.0
12,0.34,0,0.04,1.36,0.072,-1.0,-0.19,1.2,28.01,-2.1,0,-1.03,2,33.6,0.4,1.78,2.0,2.0,1.12,3.0,8.0
13,-1.33,1,-0.68,1.47,0.061,-0.64,-0.18,-0.8,19.04,51.0,0,-1.03,3,32.9,-1.3,-1.31,1.0,1.0,1.41,3.0,-2.0
14,0.0,0,0.0,0.0,0.0,0.0,0.0,0.0,0.0,0.0,0,0.0,0,0.0,0.0,0.0,0.0,0.0,0.0,0.0,0.0
15,0.41,-2,-0.27,-0.99,-0.068,0.01,0.49,0.2,0.94,-2.6,0,1.77,-1,-7.9,1.1,0.97,0.0,0.0,-1.0,-1.0,3.0
16,-0.18,0,0.2,-2.89,-0.15,0.49,0.44,-1.4,-48.04,40.13,0,-0.659,0,-60.4,0.1,0.9,-4.0,-5.0,-3.75,-7.0,-24.0
17,,,,,,,,,,,,,,,,,,,,,
18,0.0,0,0.0,0.0,0.0,0.0,0.0,0.0,0.0,0.0,0,0.0,0,0.0,0.0,0.0,0.0,0.0,0.0,0.0,0.0
19,0.45,-1,-0.49,-0.82,-0.039,-0.01,-0.05,0.8,-0.04,-8.3,0,0.731,0,-6.1,1.1,1.01,0.0,0.0,-1.14,-1.0,2.0
20,-1.71,0,-1.78,-2.4,-0.124,-0.15,-0.39,-3.2,-26.08,3.5,2,-1.594,1,-61.4,-0.6,-1.71,-2.0,-2.0,-3.33,-3.0,-8.0
21,0.0,0,0.0,0.0,0.0,0.0,0.0,0.0,0.0,0.0,0,0.0,0,0.0,0.0,0.0,0.0,0.0,0.0,0.0,0.0
22,-0.71,-1,-1.19,2.78,0.105,-0.15,-0.02,0.3,58.04,10.2,0,2.138,1,63.1,-1.0,-4.67,4.0,4.0,5.0,7.0,28.0
23,-1.22,0,-1.21,-0.71,-0.05,0.35,-0.04,-1.2,-9.01,44.8,0,0.731,1,-6.8,-0.6,-2.08,-1.0,-1.0,-0.85,-1.0,-8.0
24,,,,,,,,,,,,,,,,,,,,,
25,0.21,0,1.56,-1.6,-0.062,0.24,0.59,-0.5,-30.03,29.8,-1,-0.368,-1,-34.5,0.5,3.04,-2.0,-2.0,-2.25,-3.0,-15.0
26,0.43,-1,-0.3,-6.13,-0.291,1.16,0.79,0.0,-99.13,-12.5,2,0.505,-4,-128.6,1.7,1.81,-7.0,-7.0,-8.12,-12.0,-38.0
27,,,,,,,,,,,,,,,,,,,,,
28,0.09,0,-0.22,-1.6,-0.062,0.13,0.57,1.5,-30.02,7.5,0,-0.001,-1,-34.5,0.4,0.91,-2.0,-2.0,-1.67,-3.0,-15.0
29,0.48,0,-0.61,-5.65,-0.281,-0.73,-1.09,-0.9,-83.09,17.2,0,2.93,-1,-95.4,0.6,0.82,-8.0,-10.0,-8.77,-11.0,-40.0
30,-1.21,0,-1.24,-1.28,-0.055,-0.37,1.04,-1.6,-16.04,-75.2,2,-3.31,0,-40.0,-0.8,-1.0,-1.0,0.0,-1.0,-2.0,-6.0
31,1.72,-1,1.83,1.95,0.118,1.2,0.45,2.7,30.04,-46.2,1,2.63,-3,13.7,1.7,1.89,3.0,5.0,2.98,2.0,23.0
32,0.33,0,-0.13,-4.08,-0.223,-0.02,0.16,-1.0,-73.07,22.7,-1,-0.53,-1,-46.4,0.2,0.72,-6.0,-8.0,-6.1,-8.0,-38.0
33,-0.25,0,-0.15,1.0,0.046,0.15,0.33,0.6,14.03,11.9,-2,0.731,0,18.1,-0.2,-0.22,1.0,1.0,0.86,2.0,5.993
34,-1.33,1,-0.68,1.47,0.061,-0.64,-0.18,-0.8,19.04,51.0,0,-1.03,3,32.9,-1.3,-1.31,1.0,1.0,1.41,3.0,-2.0
35,-1.58,0,-3.37,-1.4,-0.078,-0.26,-0.58,-4.5,-12.05,-40.4,0,-0.791,1,-36.6,-0.9,-1.7,-1.0,-1.0,0.0,-2.0,-3.0
36,-2.13,-1,-1.53,1.35,0.023,0.54,1.32,-2.8,25.98,28.5,-1,-2.76,1,40.2,-1.6,-3.52,3.0,3.0,3.67,5.0,12.0
37,0.41,-2,-0.27,-0.99,-0.068,0.01,0.49,0.2,0.94,-2.6,0,1.77,-1,-7.9,1.1,0.97,0.0,0.0,-1.0,-1.0,3.0
38,,,,,,,,,,,,,,,,,,,,,
39,1.58,0,3.37,1.4,0.078,0.26,0.58,4.5,12.05,40.4,0,0.791,-1,36.6,0.9,1.7,1.0,1.0,0.0,2.0,3.0
40,-0.02,0,0.3,-1.35,-0.072,0.19,0.41,-0.5,-27.03,-1.9,0,-0.524,-1,-36.3,0.4,1.45,-2.0,-2.0,-3.33,-3.0,-11.007
41,-2.11,1,-1.73,1.7,0.07,-1.1,-0.22,-1.5,24.99,22.5,0,-1.686,4,30.2,-1.8,-2.97,3.0,3.0,2.72,5.0,5.0
42,-0.21,0,-1.56,1.6,0.062,-0.24,-0.59,0.5,30.03,-29.8,1,0.368,1,34.5,-0.5,-3.04,2.0,2.0,2.25,3.0,15.0
43,-1.15,0,-0.85,-2.0,-0.094,0.02,0.07,-2.4,-28.06,-3.83,-1,-0.769,0,-46.9,-0.3,1.16,-2.0,-2.0,-2.25,-3.0,-12.0
44,0.5,0,0.6,-1.6,-0.062,-2.21,-9.21,1.2,-105.09,7.5,-3,0.524,-1,-102.0,0.1,-7.08,-3.0,-2.0,-1.67,-3.0,-22.0
45,,,,,,,,,,,,,,,,,,,,,
46,0.11,-1,-0.53,-2.18,-0.111,0.99,0.14,-0.4,-28.05,-6.2,0,1.761,-2,-39.7,0.7,-0.77,-2.0,-2.0,-2.26,-4.0,-6.0
47,-2.08,-1,-3.0,-0.22,-0.035,-0.17,-0.01,-4.7,15.96,-0.4,-1,0.979,1,-8.0,-1.4,-3.33,1.0,1.0,2.75,2.0,10.0
48,-0.11,1,0.53,2.18,0.111,-0.99,-0.14,0.4,28.05,6.2,0,-1.761,2,39.7,-0.7,0.77,2.0,2.0,2.26,4.0,6.0
49,,,,,,,,,,,,,,,,,,,,,
50,-0.39,-1,-0.27,2.78,0.105,-0.33,-0.18,-1.5,58.03,5.05,0,2.585,1,67.7,-0.9,-2.23,4.0,4.0,5.17,6.0,27.0
51,,,,,,,,,,,,,,,,,,,,,
52,0.7,-1,-0.34,-1.82,-0.085,-0.16,-0.38,0.2,-14.07,-20.2,2,0.0,0,-24.2,1.3,1.23,-1.0,-1.0,-2.0,-3.0,-3.993
53,-1.33,1,-0.68,1.47,0.061,-0.64,-0.18,-0.8,19.04,51.0,0,-1.03,3,32.9,-1.3,-1.31,1.0,1.0,1.41,3.0,-2.0
54,-0.32,-1,-0.19,-0.17,-0.029,-0.01,0.8,-0.5,0.98,10.65,0,2.06,-1,-3.1,-0.1,0.13,0.0,0.0,0.17,0.0,0.993
55,-0.84,1,-0.46,3.41,0.16,-0.81,-1.65,-0.1,59.07,98.7,-2,1.21,4,72.7,-1.1,-1.61,4.0,3.0,4.12,8.0,21.0
56,-1.72,1,-1.83,-1.95,-0.118,-1.2,-0.45,-2.7,-30.04,46.2,-1,-2.63,3,-13.7,-1.7,-1.89,-3.0,-5.0,-2.98,-2.0,-23.0
57,0.5,0,0.6,-1.6,-0.062,-2.21,-9.21,1.2,-105.09,7.5,-3,0.524,-1,-102.0,0.1,-7.08,-3.0,-2.0,-1.67,-3.0,-22.0
58,0.11,-1,-0.53,-2.18,-0.111,0.99,0.14,-0.4,-28.05,-6.2,0,1.761,-2,-39.7,0.7,-0.77,-2.0,-2.0,-2.26,-4.0,-6.0
59,0.27,0,1.2,-2.6,-0.108,-2.1,-9.1,0.5,-119.12,28.0,-2,-0.0,-1,-126.0,0.2,-7.0,-4.0,-3.0,-3.25,-4.0,-27.0
60,-1.15,0,-0.85,-2.0,-0.094,0.02,0.07,-2.4,-28.06,-3.83,-1,-0.769,0,-46.9,-0.3,1.16,-2.0,-2.0,-2.25,-3.0,-12.0
61,-1.72,1,-1.83,-1.95,-0.118,-1.2,-0.45,-2.7,-30.04,46.2,-1,-2.63,3,-13.7,-1.7,-1.89,-3.0,-5.0,-2.98,-2.0,-23.0
62,0.02,0,-0.3,1.35,0.072,-0.19,-0.41,0.5,27.03,1.9,0,0.524,1,36.3,-0.4,-1.45,2.0,2.0,3.33,3.0,11.007
63,1.22,0,1.21,0.71,0.05,-0.35,0.04,1.2,9.01,-44.8,0,-0.731,-1,6.8,0.6,2.08,1.0,1.0,0.85,1.0,8.0
64,,,,,,,,,,,,,,,,,,,,,
65,-0.32,-1,-0.19,-0.17,-0.029,-0.01,0.8,-0.5,0.98,10.65,0,2.06,-1,-3.1,-0.1,0.13,0.0,0.0,0.17,0.0,0.993
66,-0.06,0,0.42,-1.72,-0.085,0.35,-0.95,-1.4,-26.04,88.0,-2,1.872,0,-31.9,0.6,2.25,-2.0,-3.0,-3.0,-3.0,-12.0
67,0.06,0,-0.17,1.89,0.104,-0.53,-0.42,0.8,34.02,-23.5,1,-0.01,0,35.4,0.0,-0.81,3.0,4.0,2.0,5.0,18.0
68,-0.11,1,0.53,2.18,0.111,-0.99,-0.14,0.4,28.05,6.2,0,-1.761,2,39.7,-0.7,0.77,2.0,2.0,2.26,4.0,6.0
69,0.09,0,-0.22,-1.6,-0.062,0.13,0.57,1.5,-30.02,7.5,0,-0.001,-1,-34.5,0.4,0.91,-2.0,-2.0,-1.67,-3.0,-15.0
70,-1.09,0,-1.21,-3.0,-0.14,-2.32,-9.62,-1.4,-117.15,-5.63,-2,-0.401,0,-138.4,-0.6,-8.88,-4.0,-3.0,-3.25,-4.0,-24.0
71,0.23,0,-0.6,1.0,0.046,-0.11,-0.11,0.7,14.03,-20.5,-1,0.524,0,24.0,-0.1,-0.08,1.0,1.0,1.58,1.0,5.0
72,-0.73,0,-0.99,1.23,0.049,0.18,-1.51,-0.5,31.02,92.5,-2,2.971,2,33.0,-0.4,-2.38,2.0,1.0,1.86,4.0,15.0
73,-1.72,1,-1.83,-1.95,-0.118,-1.2,-0.45,-2.7,-30.04,46.2,-1,-2.63,3,-13.7,-1.7,-1.89,-3.0,-5.0,-2.98,-2.0,-23.0
74,-1.21,0,-1.24,-1.28,-0.055,-0.37,1.04,-1.6,-16.04,-75.2,2,-3.31,0,-40.0,-0.8,-1.0,-1.0,0.0,-1.0,-2.0,-6.0
75,-0.57,1,0.68,3.53,0.183,-0.92,-0.11,0.8,55.08,40.5,-1,-1.03,3,70.1,-1.2,-0.82,4.0,4.0,4.87,8.0,18.0
76,1.33,-1,0.68,-1.47,-0.061,0.64,0.18,0.8,-19.04,-51.0,0,1.03,-3,-32.9,1.3,1.31,-1.0,-1.0,-1.41,-3.0,2.0
77,-1.03,0,0.35,4.04,0.17,0.55,0.76,0.0,60.04,6.5,0,0.38,1,122.8,-1.3,-1.99,6.0,7.0,6.55,10.0,28.0
78,-0.39,-1,-0.27,2.78,0.105,-0.33,-0.18,-1.5,58.03,5.05,0,2.585,1,67.7,-0.9,-2.23,4.0,4.0,5.17,6.0,27.0
79,0.16,0,-0.89,-1.81,-0.068,-0.38,0.06,-1.0,-26.03,-28.5,-1,-4.91,0,-74.0,0.3,0.59,-2.0,-3.0,-2.17,-4.0,-9.0
80,-0.43,1,0.3,6.13,0.291,-1.16,-0.79,0.0,99.13,12.5,-2,-0.505,4,128.6,-1.7,-1.81,7.0,7.0,8.12,12.0,38.0
81,0.09,0,-0.22,-1.6,-0.062,0.13,0.57,1.5,-30.02,7.5,0,-0.001,-1,-34.5,0.4,0.91,-2.0,-2.0,-1.67,-3.0,-15.0
82,0.43,-1,-0.3,-6.13,-0.291,1.16,0.79,0.0,-99.13,-12.5,2,0.505,-4,-128.6,1.7,1.81,-7.0,-7.0,-8.12,-12.0,-38.0
83,0.18,0,0.0,1.43,0.081,-0.04,-0.41,0.4,32.06,-15.63,-1,0.255,0,27.5,-0.2,0.27,1.0,1.0,2.15,3.0,16.0
84,0.04,1,-0.22,0.17,0.029,-0.02,-0.54,0.6,-0.98,-5.7,0,-1.039,1,1.8,0.0,0.04,0.0,0.0,-0.14,0.0,-1.0
85,-0.43,1,0.3,6.13,0.291,-1.16,-0.79,0.0,99.13,12.5,-2,-0.505,4,128.6,-1.7,-1.81,7.0,7.0,8.12,12.0,38.0
86,,,,,,,,,,,,,,,,,,,,,
87,0.0,0,0.0,0.0,0.0,0.0,0.0,0.0,0.0,0.0,0,0.0,0,0.0,0.0,0.0,0.0,0.0,0.0,0.0,0.0
88,-1.15,0,-0.85,-2.0,-0.094,0.02,0.07,-2.4,-28.06,-3.83,-1,-0.769,0,-46.9,-0.3,1.16,-2.0,-2.0,-2.25,-3.0,-12.0
89,-0.11,1,0.53,2.18,0.111,-0.99,-0.14,0.4,28.05,6.2,0,-1.761,2,39.7,-0.7,0.77,2.0,2.0,2.26,4.0,6.0
90,0.18,0,0.0,1.43,0.081,-0.04,-0.41,0.4,32.06,-15.63,-1,0.255,0,27.5,-0.2,0.27,1.0,1.0,2.15,3.0,16.0
91,0.32,1,0.19,0.17,0.029,0.01,-0.8,0.5,-0.98,-10.65,0,-2.06,1,3.1,0.1,-0.13,0.0,0.0,-0.17,0.0,-0.993
92,-0.11,1,0.53,2.18,0.111,-0.99,-0.14,0.4,28.05,6.2,0,-1.761,2,39.7,-0.7,0.77,2.0,2.0,2.26,4.0,6.0
93,0.0,0,0.0,0.0,0.0,0.0,0.0,0.0,0.0,0.0,0,0.0,0,0.0,0.0,0.0,0.0,0.0,0.0,0.0,0.0
94,-0.25,0,-0.15,1.0,0.046,0.15,0.33,0.6,14.03,11.9,-2,0.731,0,18.1,-0.2,-0.22,1.0,1.0,0.86,2.0,5.993
95,0.43,-1,-0.3,-6.13,-0.291,1.16,0.79,0.0,-99.13,-12.5,2,0.505,-4,-128.6,1.7,1.81,-7.0,-7.0,-8.12,-12.0,-38.0
96,-1.03,0,0.35,4.04,0.17,0.55,0.76,0.0,60.04,6.5,0,0.38,1,122.8,-1.3,-1.99,6.0,7.0,6.55,10.0,28.0
97,-1.77,0,-1.61,-4.29,-0.228,0.38,0.03,-4.0,-60.1,27.0,1,-1.584,1,-96.8,-0.6,-0.9,-5.0,-6.0,-5.33,-8.0,-26.0
98,-0.32,-1,-0.19,-0.17,-0.029,-0.01,0.8,-0.5,0.98,10.65,0,2.06,-1,-3.1,-0.1,0.13,0.0,0.0,0.17,0.0,0.993
99,0.34,0,0.04,1.36,0.072,-1.0,-0.19,1.2,28.01,-2.1,0,-1.03,2,33.6,0.4,1.78,2.0,2.0,1.12,3.0,8.0
100,0.7,-1,-0.34,-1.82,-0.085,-0.16,-0.38,0.2,-14.07,-20.2,2,0.0,0,-24.2,1.3,1.23,-1.0,-1.0,-2.0,-3.0,-3.993
101,-0.34,0,-0.04,-1.36,-0.072,1.0,0.19,-1.2,-28.01,2.1,0,1.03,-2,-33.6,-0.4,-1.78,-2.0,-2.0,-1.12,-3.0,-8.0
102,-1.33,1,-0.68,1.47,0.061,-0.64,-0.18,-0.8,19.04,51.0,0,-1.03,3,32.9,-1.3,-1.31,1.0,1.0,1.41,3.0,-2.0
103,-1.15,0,-0.85,-2.0,-0.094,0.02,0.07,-2.4,-28.06,-3.83,-1,-0.769,0,-46.9,-0.3,1.16,-2.0,-2.0,-2.25,-3.0,-12.0
104,1.69,0,2.08,1.05,0.052,0.34,0.8,2.7,-0.95,-5.4,-2,1.07,-2,25.1,1.0,3.16,0.0,0.0,0.0,0.0,-3.007
105,0.09,0,-0.22,-1.6,-0.062,0.13,0.57,1.5,-30.02,7.5,0,-0.001,-1,-34.5,0.4,0.91,-2.0,-2.0,-1.67,-3.0,-15.0
106,-0.11,1,0.53,2.18,0.111,-0.99,-0.14,0.4,28.05,6.2,0,-1.761,2,39.7,-0.7,0.77,2.0,2.0,2.26,4.0,6.0
107,-0.78,1,-0.88,5.13,0.245,-1.16,-0.7,1.3,85.11,10.7,0,-0.662,4,104.6,-1.7,-3.86,6.0,6.0,7.12,11.0,33.0
108,0.41,-2,-0.27,-0.99,-0.068,0.01,0.49,0.2,0.94,-2.6,0,1.77,-1,-7.9,1.1,0.97,0.0,0.0,-1.0,-1.0,3.0
109,-0.18,0,0.0,-1.43,-0.081,0.04,0.41,-0.4,-32.06,15.63,1,-0.255,0,-27.5,0.2,-0.27,-1.0,-1.0,-2.15,-3.0,-16.0
110,-0.34,1,0.08,4.53,0.229,-1.03,-0.22,1.5,69.11,20.0,-2,-0.506,3,94.1,-1.3,-0.9,5.0,5.0,6.45,9.0,23.0
111,-1.21,0,-1.24,-1.28,-0.055,-0.37,1.04,-1.6,-16.04,-75.2,2,-3.31,0,-40.0,-0.8,-1.0,-1.0,0.0,-1.0,-2.0,-6.0
112,-1.15,0,-0.85,-2.0,-0.094,0.02,0.07,-2.4,-28.06,-3.83,-1,-0.769,0,-46.9,-0.3,1.16,-2.0,-2.0,-2.25,-3.0,-12.0
113,-1.72,1,-1.83,-1.95,-0.118,-1.2,-0.45,-2.7,-30.04,46.2,-1,-2.63,3,-13.7,-1.7,-1.89,-3.0,-5.0,-2.98,-2.0,-23.0
114,1.89,1,2.3,0.22,0.035,0.31,0.02,2.6,-15.95,0.58,-1,-1.659,-1,3.2,1.2,3.12,-1.0,-1.0,-1.92,-2.0,-10.0
115,0.0,0,0.0,0.0,0.0,0.0,0.0,0.0,0.0,0.0,0,0.0,0,0.0,0.0,0.0,0.0,0.0,0.0,0.0,0.0
116,0.21,0,1.56,-1.6,-0.062,0.24,0.59,-0.5,-30.03,29.8,-1,-0.368,-1,-34.5,0.5,3.04,-2.0,-2.0,-2.25,-3.0,-15.0
117,-0.06,0,0.42,-1.72,-0.085,0.35,-0.95,-1.4,-26.04,88.0,-2,1.872,0,-31.9,0.6,2.25,-2.0,-3.0,-3.0,-3.0,-12.0
118,,,,,,,,,,,,,,,,,,,,,
119,-0.36,-1,-0.01,3.78,0.151,-0.15,-0.11,-1.0,72.06,12.0,-2,2.295,1,87.1,-1.0,-2.62,5.0,5.0,6.0,8.0,33.0
120,-1.15,0,-0.85,-2.0,-0.094,0.02,0.07,-2.4,-28.06,-3.83,-1,-0.769,0,-46.9,-0.3,1.16,-2.0,-2.0,-2.25,-3.0,-12.0
121,1.21,0,1.24,1.28,0.055,0.37,-1.04,1.6,16.04,75.2,-2,3.31,0,40.0,0.8,1.0,1.0,0.0,1.0,2.0,6.0
122,-0.91,1,0.64,2.17,0.111,0.08,0.08,-0.4,27.07,42.6,-1,0.0,1,36.5,-1.6,-2.6,2.0,2.0,3.75,5.0,10.0
123,0.84,-1,0.52,-6.13,-0.291,-1.18,-8.99,-0.3,-174.2,-12.5,-1,1.03,-4,-196.1,1.4,-6.18,-8.0,-7.0,-8.12,-12.0,-45.0
124,-1.79,0,-3.07,-1.05,-0.052,-0.34,-0.88,-4.7,0.95,-18.0,1,-0.791,2,-24.3,-1.2,-3.07,0.0,0.0,1.75,0.0,3.007
125,,,,,,,,,,,,,,,,,,,,,
126,-0.11,1,0.53,2.18,0.111,-0.99,-0.14,0.4,28.05,6.2,0,-1.761,2,39.7,-0.7,0.77,2.0,2.0,2.26,4.0,6.0
127,-0.06,0,0.42,-1.72,-0.085,0.35,-0.95,-1.4,-26.04,88.0,-2,1.872,0,-31.9,0.6,2.25,-2.0,-3.0,-3.0,-3.0,-12.0
128,-1.09,0,-1.21,-3.0,-0.14,-2.32,-9.62,-1.4,-117.15,-5.63,-2,-0.401,0,-138.4,-0.6,-8.88,-4.0,-3.0,-3.25,-4.0,-24.0
129,-1.77,0,-1.52,-2.43,-0.128,0.69,1.43,-1.8,-46.08,16.5,1,-5.055,0,-46.9,-0.6,-0.9,-2.0,-2.0,-2.33,-3.0,-21.0
130,-0.44,0,-0.96,0.6,0.016,-0.13,-0.48,-0.2,16.0,-9.3,2,-0.156,1,10.5,-0.4,-2.96,1.0,1.0,0.67,2.0,10.0
131,1.13,1,2.14,3.69,0.193,0.19,-0.49,3.3,48.09,-15.05,-1,2.85,0,102.0,0.2,1.14,4.0,5.0,3.71,7.0,22.0
132,-1.17,1,-1.57,-0.34,-0.007,-1.02,-0.12,-1.8,-6.99,22.5,-1,-5.94,3,-41.1,-1.0,-0.72,-1.0,-2.0,-0.76,-1.0,-11.0
133,0.16,0,-0.89,-1.81,-0.068,-0.38,0.06,-1.0,-26.03,-28.5,-1,-4.91,0,-74.0,0.3,0.59,-2.0,-3.0,-2.17,-4.0,-9.0
134,0.36,1,0.01,-3.78,-0.151,0.15,0.11,1.0,-72.06,-12.0,2,-2.295,-1,-87.1,1.0,2.62,-5.0,-5.0,-6.0,-8.0,-33.0
135,-0.11,1,0.53,2.18,0.111,-0.99,-0.14,0.4,28.05,6.2,0,-1.761,2,39.7,-0.7,0.77,2.0,2.0,2.26,4.0,6.0
136,-2.2,1,-1.22,3.7,0.163,-0.47,0.64,-1.8,53.05,29.0,-1,-5.56,4,81.7,-2.3,-2.71,5.0,5.0,5.79,9.0,17.0
137,-0.88,0,-0.13,2.47,0.112,-0.16,-0.49,0.1,50.02,1.0,1,3.84,1,73.8,-0.9,-1.89,4.0,5.0,3.88,7.0,26.0
138,-0.32,-1,-0.19,-0.17,-0.029,-0.01,0.8,-0.5,0.98,10.65,0,2.06,-1,-3.1,-0.1,0.13,0.0,0.0,0.17,0.0,0.993
139,-0.43,1,0.3,6.13,0.291,-1.16,-0.79,0.0,99.13,12.5,-2,-0.505,4,128.6,-1.7,-1.81,7.0,7.0,8.12,12.0,38.0
140,0.8,1,1.09,-2.78,-0.105,-2.01,-9.6,1.2,-133.1,-5.05,-3,-2.06,-1,-135.2,0.6,-5.76,-5.0,-4.0,-5.17,-6.0,-34.0
141,0.02,0,-0.3,1.35,0.072,-0.19,-0.41,0.5,27.03,1.9,0,0.524,1,36.3,-0.4,-1.45,2.0,2.0,3.33,3.0,11.007
142,-0.03,0,-0.26,-1.0,-0.046,-0.18,-0.07,-0.5,-14.03,-6.95,2,0.29,0,-19.4,0.1,0.39,-1.0,-1.0,-0.83,-2.0,-6.0
143,-1.77,0,-1.52,-2.43,-0.128,0.69,1.43,-1.8,-46.08,16.5,1,-5.055,0,-46.9,-0.6,-0.9,-2.0,-2.0,-2.33,-3.0,-21.0
144,0.73,0,1.05,-3.95,-0.18,-2.17,-9.13,0.1,-146.15,-6.3,-1,-0.731,-2,-156.4,0.7,-5.41,-6.0,-5.0,-5.86,-8.0,-39.0
145,-0.11,1,0.53,2.18,0.111,-0.99,-0.14,0.4,28.05,6.2,0,-1.761,2,39.7,-0.7,0.77,2.0,2.0,2.26,4.0,6.0
146,0.0,0,0.0,0.0,0.0,0.0,0.0,0.0,0.0,0.0,0,0.0,0,0.0,0.0,0.0,0.0,0.0,0.0,0.0,0.0
147,0.45,-1,-0.49,-0.82,-0.039,-0.01,-0.05,0.8,-0.04,-8.3,0,0.731,0,-6.1,1.1,1.01,0.0,0.0,-1.14,-1.0,2.0
148,1.33,-1,0.68,-1.47,-0.061,0.64,0.18,0.8,-19.04,-51.0,0,1.03,-3,-32.9,1.3,1.31,-1.0,-1.0,-1.41,-3.0,2.0
149,0.35,0,1.18,1.0,0.046,0.0,-0.09,-1.3,14.02,1.8,-2,0.157,0,24.0,0.0,2.05,1.0,1.0,1.0,1.0,5.0
150,2.05,-1,1.7,-2.13,-0.105,1.18,0.61,1.7,-43.03,-23.5,0,2.1,-4,-32.7,1.9,2.61,-3.0,-3.0,-3.12,-6.0,-15.0
151,-1.17,1,-1.57,-0.34,-0.007,-1.02,-0.12,-1.8,-6.99,22.5,-1,-5.94,3,-41.1,-1.0,-0.72,-1.0,-2.0,-0.76,-1.0,-11.0
152,-1.72,1,-1.83,-1.95,-0.118,-1.2,-0.45,-2.7,-30.04,46.2,-1,-2.63,3,-13.7,-1.7,-1.89,-3.0,-5.0,-2.98,-2.0,-23.0
153,1.77,0,1.61,4.29,0.228,-0.38,-0.03,4.0,60.1,-27.0,-1,1.584,-1,96.8,0.6,0.9,5.0,6.0,5.33,8.0,26.0
154,0.34,-1,-0.08,-4.53,-0.229,1.03,0.22,-1.5,-69.11,-20.0,2,0.506,-3,-94.1,1.3,0.9,-5.0,-5.0,-6.45,-9.0,-23.0
155,,,,,,,,,,,,,,,,,,,,,
156,-0.04,-1,0.22,-0.17,-0.029,0.02,0.54,-0.6,0.98,5.7,0,1.039,-1,-1.8,0.0,-0.04,0.0,0.0,0.14,0.0,1.0
157,0.5,0,0.54,1.12,0.069,-0.22,1.43,1.6,10.04,-78.7,0,-1.716,-1,21.4,-0.2,0.71,1.0,2.0,2.33,1.0,2.0
158,-0.32,-1,-0.19,-0.17,-0.029,-0.01,0.8,-0.5,0.98,10.65,0,2.06,-1,-3.1,-0.1,0.13,0.0,0.0,0.17,0.0,0.993
159,-0.09,0,0.22,1.6,0.062,-0.13,-0.57,-1.5,30.02,-7.5,0,0.001,1,34.5,-0.4,-0.91,2.0,2.0,1.67,3.0,15.0
160,-1.15,0,-0.85,-2.0,-0.094,0.02,0.07,-2.4,-28.06,-3.83,-1,-0.769,0,-46.9,-0.3,1.16,-2.0,-2.0,-2.25,-3.0,-12.0
161,0.81,0,1.95,3.52,0.164,0.18,0.31,2.8,49.07,-4.4,-1,4.91,-1,98.9,0.1,1.27,4.0,5.0,3.88,7.0,22.993
162,-1.29,0,-2.13,-8.08,-0.409,-0.04,0.34,-2.7,-129.17,33.7,1,-2.125,-1,-142.3,0.0,-0.08,-10.0,-12.0,-11.1,-14.0,-61.0
163,-0.48,0,0.61,5.65,0.281,0.73,1.09,0.9,83.09,-17.2,0,-2.93,1,95.4,-0.6,-0.82,8.0,10.0,8.77,11.0,40.0
164,0.06,0,0.03,0.43,0.035,-0.08,-0.39,-0.2,18.04,1.0,0,-0.414,0,2.5,-0.1,0.36,0.0,0.0,0.4,1.0,10.0
165,-0.41,2,0.27,0.99,0.068,-0.01,-0.49,-0.2,-0.94,2.6,0,-1.77,1,7.9,-1.1,-0.97,0.0,0.0,1.0,1.0,-3.0
166,,,,,,,,,,,,,,,,,,,,,
167,0.21,0,1.56,-1.6,-0.062,0.24,0.59,-0.5,-30.03,29.8,-1,-0.368,-1,-34.5,0.5,3.04,-2.0,-2.0,-2.25,-3.0,-15.0
168,1.79,0,3.07,1.05,0.052,0.34,0.88,4.7,-0.95,18.0,-1,0.791,-2,24.3,1.2,3.07,0.0,0.0,-1.75,0.0,-3.007
169,1.77,0,1.61,4.29,0.228,-0.38,-0.03,4.0,60.1,-27.0,-1,1.584,-1,96.8,0.6,0.9,5.0,6.0,5.33,8.0,26.0
170,-1.03,0,0.35,4.04,0.17,0.55,0.76,0.0,60.04,6.5,0,0.38,1,122.8,-1.3,-1.99,6.0,7.0,6.55,10.0,28.0
171,0.0,0,0.0,0.0,0.0,0.0,0.0,0.0,0.0,0.0,0,0.0,0,0.0,0.0,0.0,0.0,0.0,0.0,0.0,0.0
172,0.11,-1,-0.53,-2.18,-0.111,0.99,0.14,-0.4,-28.05,-6.2,0,1.761,-2,-39.7,0.7,-0.77,-2.0,-2.0,-2.26,-4.0,-6.0
173,-0.11,1,0.53,2.18,0.111,-0.99,-0.14,0.4,28.05,6.2,0,-1.761,2,39.7,-0.7,0.77,2.0,2.0,2.26,4.0,6.0
174,0.21,0,1.56,-1.6,-0.062,0.24,0.59,-0.5,-30.03,29.8,-1,-0.368,-1,-34.5,0.5,3.04,-2.0,-2.0,-2.25,-3.0,-15.0
175,-0.23,0,0.6,-1.0,-0.046,0.11,0.11,-0.7,-14.03,20.5,1,-0.524,0,-24.0,0.1,0.08,-1.0,-1.0,-1.58,-1.0,-5.0
176,-1.33,1,-0.68,1.47,0.061,-0.64,-0.18,-0.8,19.04,51.0,0,-1.03,3,32.9,-1.3,-1.31,1.0,1.0,1.41,3.0,-2.0
177,-1.03,0,0.35,4.04,0.17,0.55,0.76,0.0,60.04,6.5,0,0.38,1,122.8,-1.3,-1.99,6.0,7.0,6.55,10.0,28.0
178,-1.15,0,-0.85,-2.0,-0.094,0.02,0.07,-2.4,-28.06,-3.83,-1,-0.769,0,-46.9,-0.3,1.16,-2.0,-2.0,-2.25,-3.0,-12.0
179,-0.11,1,0.53,2.18,0.111,-0.99,-0.14,0.4,28.05,6.2,0,-1.761,2,39.7,-0.7,0.77,2.0,2.0,2.26,4.0,6.0
180,-0.09,0,0.22,1.6,0.062,-0.13,-0.57,-1.5,30.02,-7.5,0,0.001,1,34.5,-0.4,-0.91,2.0,2.0,1.67,3.0,15.0
181,-0.35,0,-1.18,-1.0,-0.046,0.0,0.09,1.3,-14.02,-1.8,2,-0.157,0,-24.0,0.0,-2.05,-1.0,-1.0,-1.0,-1.0,-5.0
182,-0.18,0,0.0,-1.43,-0.081,0.04,0.41,-0.4,-32.06,15.63,1,-0.255,0,-27.5,0.2,-0.27,-1.0,-1.0,-2.15,-3.0,-16.0
183,,,,,,,,,,,,,,,,,,,,,
184,-2.2,1,-1.22,3.7,0.163,-0.47,0.64,-1.8,53.05,29.0,-1,-5.56,4,81.7,-2.3,-2.71,5.0,5.0,5.79,9.0,17.0
185,-0.22,0,-0.96,-1.0,-0.046,-0.04,-0.06,-2.6,-14.02,-6.77,0,-0.39,0,-24.2,-0.1,0.18,-1.0,-1.0,0.0,-2.0,-6.0
186,-1.21,0,-1.24,-1.28,-0.055,-0.37,1.04,-1.6,-16.04,-75.2,2,-3.31,0,-40.0,-0.8,-1.0,-1.0,0.0,-1.0,-2.0,-6.0
187,-1.86,0,-1.3,-0.83,-0.066,0.56,0.86,-3.3,-16.06,9.0,1,-5.054,1,-12.4,-1.0,-1.81,0.0,0.0,-0.66,0.0,-6.0
188,0.23,0,-0.6,1.0,0.046,-0.11,-0.11,0.7,14.03,-20.5,-1,0.524,0,24.0,-0.1,-0.08,1.0,1.0,1.58,1.0,5.0
189,-1.72,1,-1.83,-1.95,-0.118,-1.2,-0.45,-2.7,-30.04,46.2,-1,-2.63,3,-13.7,-1.7,-1.89,-3.0,-5.0,-2.98,-2.0,-23.0
190,0.5,0,0.54,1.12,0.069,-0.22,1.43,1.6,10.04,-78.7,0,-1.716,-1,21.4,-0.2,0.71,1.0,2.0,2.33,1.0,2.0
191,-1.17,1,-1.57,-0.34,-0.007,-1.02,-0.12,-1.8,-6.99,22.5,-1,-5.94,3,-41.1,-1.0,-0.72,-1.0,-2.0,-0.76,-1.0,-11.0
192,0.41,-2,-0.27,-0.99,-0.068,0.01,0.49,0.2,0.94,-2.6,0,1.77,-1,-7.9,1.1,0.97,0.0,0.0,-1.0,-1.0,3.0
193,-0.78,1,-0.88,5.13,0.245,-1.16,-0.7,1.3,85.11,10.7,0,-0.662,4,104.6,-1.7,-3.86,6.0,6.0,7.12,11.0,33.0
194,1.77,0,1.52,2.43,0.128,-0.69,-1.43,1.8,46.08,-16.5,-1,5.055,0,46.9,0.6,0.9,2.0,2.0,2.33,3.0,21.0
195,-1.33,1,-0.68,1.47,0.061,-0.64,-0.18,-0.8,19.04,51.0,0,-1.03,3,32.9,-1.3,-1.31,1.0,1.0,1.41,3.0,-2.0
196,1.18,-1,0.56,-4.77,-0.219,-2.18,-9.18,0.9,-146.19,-14.6,-1,-0.0,-2,-162.5,1.8,-4.4,-6.0,-5.0,-7.0,-9.0,-37.0
197,-1.33,1,-0.68,1.47,0.061,-0.64,-0.18,-0.8,19.04,51.0,0,-1.03,3,32.9,-1.3,-1.31,1.0,1.0,1.41,3.0,-2.0
198,-0.11,1,0.53,2.18,0.111,-0.99,-0.14,0.4,28.05,6.2,0,-1.761,2,39.7,-0.7,0.77,2.0,2.0,2.26,4.0,6.0
199,-0.04,-1,0.22,-0.17,-0.029,0.02,0.54,-0.6,0.98,5.7,0,1.039,-1,-1.8,0.0,-0.04,0.0,0.0,0.14,0.0,1.0
200,-1.54,0,-2.41,-1.83,-0.113,-0.18,-0.11,-2.3,-30.09,-18.0,1,-0.656,1,-39.9,-0.6,-2.15,-1.0,-1.0,-2.15,-3.0,-13.0
201,-0.94,0,0.04,0.58,0.008,0.37,-0.07,-0.7,16.0,24.5,0,3.85,1,38.4,-0.9,-1.08,1.0,1.0,1.88,2.0,8.0
202,-1.21,0,-1.24,-1.28,-0.055,-0.37,1.04,-1.6,-16.04,-75.2,2,-3.31,0,-40.0,-0.8,-1.0,-1.0,0.0,-1.0,-2.0,-6.0
203,0.0,0,0.0,0.0,0.0,0.0,0.0,0.0,0.0,0.0,0,0.0,0,0.0,0.0,0.0,0.0,0.0,0.0,0.0,0.0
204,0.0,0,0.0,0.0,0.0,0.0,0.0,0.0,0.0,0.0,0,0.0,0,0.0,0.0,0.0,0.0,0.0,0.0,0.0,0.0
205,0.07,-2,-0.31,-2.35,-0.14,1.01,0.68,-1.0,-27.07,-0.5,0,2.8,-3,-41.5,0.7,-0.81,-2.0,-2.0,-2.12,-4.0,-5.0
206,-0.12,0,0.03,-1.0,-0.046,-0.04,0.02,-0.6,-14.02,16.63,1,-0.669,0,-25.0,0.1,0.09,-1.0,-1.0,-1.75,-2.0,-6.0
207,-0.68,1,0.04,3.17,0.157,-0.03,-0.03,0.3,41.1,22.1,-2,0.524,1,60.5,-1.7,-2.68,3.0,3.0,5.33,6.0,15.0
208,-0.18,0,0.0,-1.43,-0.081,0.04,0.41,-0.4,-32.06,15.63,1,-0.255,0,-27.5,0.2,-0.27,-1.0,-1.0,-2.15,-3.0,-16.0
209,,,,,,,,,,,,,,,,,,,,,
210,1.13,1,2.14,3.69,0.193,0.19,-0.49,3.3,48.09,-15.05,-1,2.85,0,102.0,0.2,1.14,4.0,5.0,3.71,7.0,22.0
211,0.84,-1,0.52,-6.13,-0.291,-1.18,-8.99,-0.3,-174.2,-12.5,-1,1.03,-4,-196.1,1.4,-6.18,-8.0,-7.0,-8.12,-12.0,-45.0
212,-1.72,1,-1.83,-1.95,-0.118,-1.2,-0.45,-2.7,-30.04,46.2,-1,-2.63,3,-13.7,-1.7,-1.89,-3.0,-5.0,-2.98,-2.0,-23.0
213,-0.57,1,0.68,3.53,0.183,-0.92,-0.11,0.8,55.08,40.5,-1,-1.03,3,70.1,-1.2,-0.82,4.0,4.0,4.87,8.0,18.0
214,0.03,0,0.26,1.0,0.046,0.18,0.07,0.5,14.03,6.95,-2,-0.29,0,19.4,-0.1,-0.39,1.0,1.0,0.83,2.0,6.0
215,,,,,,,,,,,,,,,,,,,,,
216,-2.2,1,-1.22,3.7,0.163,-0.47,0.64,-1.8,53.05,29.0,-1,-5.56,4,81.7,-2.3,-2.71,5.0,5.0,5.79,9.0,17.0
217,,,,,,,,,,,,,,,,,,,,,
218,0.5,0,0.54,1.12,0.069,-0.22,1.43,1.6,10.04,-78.7,0,-1.716,-1,21.4,-0.2,0.71,1.0,2.0,2.33,1.0,2.0
219,0.12,0,-0.03,1.0,0.046,0.04,-0.02,0.6,14.02,-16.63,-1,0.669,0,25.0,-0.1,-0.09,1.0,1.0,1.75,2.0,6.0
220,0.0,0,0.0,0.0,0.0,0.0,0.0,0.0,0.0,0.0,0,0.0,0,0.0,0.0,0.0,0.0,0.0,0.0,0.0,0.0
221,1.22,0,1.21,0.71,0.05,-0.35,0.04,1.2,9.01,-44.8,0,-0.731,-1,6.8,0.6,2.08,1.0,1.0,0.85,1.0,8.0
222,-1.72,1,-1.83,-1.95,-0.118,-1.2,-0.45,-2.7,-30.04,46.2,-1,-2.63,3,-13.7,-1.7,-1.89,-3.0,-5.0,-2.98,-2.0,-23.0
223,-1.58,0,-3.37,-1.4,-0.078,-0.26,-0.58,-4.5,-12.05,-40.4,0,-0.791,1,-36.6,-0.9,-1.7,-1.0,-1.0,0.0,-2.0,-3.0
224,-1.21,0,-1.24,-1.28,-0.055,-0.37,1.04,-1.6,-16.04,-75.2,2,-3.31,0,-40.0,-0.8,-1.0,-1.0,0.0,-1.0,-2.0,-6.0
225,-1.89,-1,-2.3,-0.22,-0.035,-0.31,-0.02,-2.6,15.95,-0.58,1,1.659,1,-3.2,-1.2,-3.12,1.0,1.0,1.92,2.0,10.0
226,-0.32,-1,-0.19,-0.17,-0.029,-0.01,0.8,-0.5,0.98,10.65,0,2.06,-1,-3.1,-0.1,0.13,0.0,0.0,0.17,0.0,0.993
227,0.0,0,0.0,0.0,0.0,0.0,0.0,0.0,0.0,0.0,0,0.0,0,0.0,0.0,0.0,0.0,0.0,0.0,0.0,0.0
228,0.0,0,0.0,0.0,0.0,0.0,0.0,0.0,0.0,0.0,0,0.0,0,0.0,0.0,0.0,0.0,0.0,0.0,0.0,0.0
229,-1.21,0,-1.24,-1.28,-0.055,-0.37,1.04,-1.6,-16.04,-75.2,2,-3.31,0,-40.0,-0.8,-1.0,-1.0,0.0,-1.0,-2.0,-6.0
230,0.34,-1,-0.08,-4.53,-0.229,1.03,0.22,-1.5,-69.11,-20.0,2,0.506,-3,-94.1,1.3,0.9,-5.0,-5.0,-6.45,-9.0,-23.0
231,0.02,0,-0.3,1.35,0.072,-0.19,-0.41,0.5,27.03,1.9,0,0.524,1,36.3,-0.4,-1.45,2.0,2.0,3.33,3.0,11.007
232,-1.03,0,0.35,4.04,0.17,0.55,0.76,0.0,60.04,6.5,0,0.38,1,122.8,-1.3,-1.99,6.0,7.0,6.55,10.0,28.0
233,0.39,1,0.27,-2.78,-0.105,0.33,0.18,1.5,-58.03,-5.05,0,-2.585,-1,-67.7,0.9,2.23,-4.0,-4.0,-5.17,-6.0,-27.0
234,,,,,,,,,,,,,,,,,,,,,
235,0.06,0,-0.36,-1.0,-0.046,-2.34,-9.69,1.0,-89.09,-1.8,-1,0.368,0,-91.5,-0.3,-10.04,-2.0,-1.0,-1.0,-1.0,-12.0
236,-1.72,1,-1.83,-1.95,-0.118,-1.2,-0.45,-2.7,-30.04,46.2,-1,-2.63,3,-13.7,-1.7,-1.89,-3.0,-5.0,-2.98,-2.0,-23.0
237,0.77,1,0.83,-3.78,-0.151,-2.19,-9.67,0.7,-147.13,-12.0,-1,-1.77,-1,-154.6,0.7,-5.37,-6.0,-5.0,-6.0,-8.0,-40.0
238,-0.84,1,-0.46,3.41,0.16,-0.81,-1.65,-0.1,59.07,98.7,-2,1.21,4,72.7,-1.1,-1.61,4.0,3.0,4.12,8.0,21.0
239,0.23,0,-0.6,1.0,0.046,-0.11,-0.11,0.7,14.03,-20.5,-1,0.524,0,24.0,-0.1,-0.08,1.0,1.0,1.58,1.0,5.0
240,0.43,-1,-0.3,-6.13,-0.291,1.16,0.79,0.0,-99.13,-12.5,2,0.505,-4,-128.6,1.7,1.81,-7.0,-7.0,-8.12,-12.0,-38.0
241,0.22,0,0.96,1.0,0.046,0.04,0.06,2.6,14.02,6.77,0,0.39,0,24.2,0.1,-0.18,1.0,1.0,0.0,2.0,6.0
242,0.06,0,-0.36,-1.0,-0.046,-2.34,-9.69,1.0,-89.09,-1.8,-1,0.368,0,-91.5,-0.3,-10.04,-2.0,-1.0,-1.0,-1.0,-12.0
243,-0.21,0,-1.56,1.6,0.062,-0.24,-0.59,0.5,30.03,-29.8,1,0.368,1,34.5,-0.5,-3.04,2.0,2.0,2.25,3.0,15.0
244,1.79,0,3.07,1.05,0.052,0.34,0.88,4.7,-0.95,18.0,-1,0.791,-2,24.3,1.2,3.07,0.0,0.0,-1.75,0.0,-3.007
245,1.21,0,1.24,1.28,0.055,0.37,-1.04,1.6,16.04,75.2,-2,3.31,0,40.0,0.8,1.0,1.0,0.0,1.0,2.0,6.0
246,-2.2,1,-1.22,3.7,0.163,-0.47,0.64,-1.8,53.05,29.0,-1,-5.56,4,81.7,-2.3,-2.71,5.0,5.0,5.79,9.0,17.0
247,0.09,0,-0.31,-3.46,-0.162,-0.18,-0.83,-0.7,-44.04,18.0,0,3.47,0,-84.4,0.4,0.91,-5.0,-6.0,-4.67,-8.0,-20.0
248,,,,,,,,,,,,,,,,,,,,,
249,0.21,0,1.56,-1.6,-0.062,0.24,0.59,-0.5,-30.03,29.8,-1,-0.368,-1,-34.5,0.5,3.04,-2.0,-2.0,-2.25,-3.0,-15.0
250,0.27,0,1.2,-2.6,-0.108,-2.1,-9.1,0.5,-119.12,28.0,-2,-0.0,-1,-126.0,0.2,-7.0,-4.0,-3.0,-3.25,-4.0,-27.0
251,,,,,,,,,,,,,,,,,,,,,
252,,,,,,,,,,,,,,,,,,,,,
253,-1.33,1,-0.68,1.47,0.061,-0.64,-0.18,-0.8,19.04,51.0,0,-1.03,3,32.9,-1.3,-1.31,1.0,1.0,1.41,3.0,-2.0
254,0.21,0,1.56,-1.6,-0.062,0.24,0.59,-0.5,-30.03,29.8,-1,-0.368,-1,-34.5,0.5,3.04,-2.0,-2.0,-2.25,-3.0,-15.0
255,-1.03,0,0.35,4.04,0.17,0.55,0.76,0.0,60.04,6.5,0,0.38,1,122.8,-1.3,-1.99,6.0,7.0,6.55,10.0,28.0
256,-0.32,-1,-0.19,-0.17,-0.029,-0.01,0.8,-0.5,0.98,10.65,0,2.06,-1,-3.1,-0.1,0.13,0.0,0.0,0.17,0.0,0.993
257,-2.2,1,-1.22,3.7,0.163,-0.47,0.64,-1.8,53.05,29.0,-1,-5.56,4,81.7,-2.3,-2.71,5.0,5.0,5.79,9.0,17.0
258,0.27,0,1.2,-2.6,-0.108,-2.1,-9.1,0.5,-119.12,28.0,-2,-0.0,-1,-126.0,0.2,-7.0,-4.0,-3.0,-3.25,-4.0,-27.0
259,-0.12,0,0.03,-1.0,-0.046,-0.04,0.02,-0.6,-14.02,16.63,1,-0.669,0,-25.0,0.1,0.09,-1.0,-1.0,-1.75,-2.0,-6.0
260,0.21,0,-0.3,-0.35,-0.026,0.08,0.3,0.2,-13.0,-22.4,-1,0.0,-1,-12.3,0.3,1.37,-1.0,-1.0,-1.75,-2.0,-6.007
261,-1.21,0,-1.18,-4.0,-0.186,-2.36,-9.6,-2.0,-131.17,11.0,-1,-1.07,0,-163.4,-0.5,-8.79,-5.0,-4.0,-5.0,-6.0,-30.0
262,0.43,-1,-0.3,-6.13,-0.291,1.16,0.79,0.0,-99.13,-12.5,2,0.505,-4,-128.6,1.7,1.81,-7.0,-7.0,-8.12,-12.0,-38.0
263,-0.77,-1,-0.77,1.06,0.02,0.2,-0.97,-1.1,32.0,98.2,-2,4.01,1,31.2,-0.4,-2.42,2.0,1.0,2.0,4.0,16.0
264,0.7,-1,-0.34,-1.82,-0.085,-0.16,-0.38,0.2,-14.07,-20.2,2,0.0,0,-24.2,1.3,1.23,-1.0,-1.0,-2.0,-3.0,-3.993
265,-1.33,1,-0.68,1.47,0.061,-0.64,-0.18,-0.8,19.04,51.0,0,-1.03,3,32.9,-1.3,-1.31,1.0,1.0,1.41,3.0,-2.0
266,-1.33,1,-0.68,1.47,0.061,-0.64,-0.18,-0.8,19.04,51.0,0,-1.03,3,32.9,-1.3,-1.31,1.0,1.0,1.41,3.0,-2.0
267,-0.04,2,0.57,3.35,0.186,-0.83,-0.61,1.5,41.1,7.45,-2,-3.09,3,60.9,-0.8,0.42,3.0,3.0,2.95,6.0,11.0
268,-1.72,1,-1.83,-1.95,-0.118,-1.2,-0.45,-2.7,-30.04,46.2,-1,-2.63,3,-13.7,-1.7,-1.89,-3.0,-5.0,-2.98,-2.0,-23.0
269,-0.18,0,0.0,-1.43,-0.081,0.04,0.41,-0.4,-32.06,15.63,1,-0.255,0,-27.5,0.2,-0.27,-1.0,-1.0,-2.15,-3.0,-16.0
270,0.23,0,-0.6,1.0,0.046,-0.11,-0.11,0.7,14.03,-20.5,-1,0.524,0,24.0,-0.1,-0.08,1.0,1.0,1.58,1.0,5.0
271,0.06,0,-0.36,-1.0,-0.046,-2.34,-9.69,1.0,-89.09,-1.8,-1,0.368,0,-91.5,-0.3,-10.04,-2.0,-1.0,-1.0,-1.0,-12.0
272,-1.71,0,-1.78,-2.4,-0.124,-0.15,-0.39,-3.2,-26.08,3.5,2,-1.594,1,-61.4,-0.6,-1.71,-2.0,-2.0,-3.33,-3.0,-8.0
273,-0.36,-1,-0.01,3.78,0.151,-0.15,-0.11,-1.0,72.06,12.0,-2,2.295,1,87.1,-1.0,-2.62,5.0,5.0,6.0,8.0,33.0
274,0.7,-1,-0.34,-1.82,-0.085,-0.16,-0.38,0.2,-14.07,-20.2,2,0.0,0,-24.2,1.3,1.23,-1.0,-1.0,-2.0,-3.0,-3.993
275,-1.33,1,-0.68,1.47,0.061,-0.64,-0.18,-0.8,19.04,51.0,0,-1.03,3,32.9,-1.3,-1.31,1.0,1.0,1.41,3.0,-2.0
276,-1.72,1,-1.83,-1.95,-0.118,-1.2,-0.45,-2.7,-30.04,46.2,-1,-2.63,3,-13.7,-1.7,-1.89,-3.0,-5.0,-2.98,-2.0,-23.0
277,-0.71,-1,-1.19,2.78,0.105,-0.15,-0.02,0.3,58.04,10.2,0,2.138,1,63.1,-1.0,-4.67,4.0,4.0,5.0,7.0,28.0
278,-1.86,0,-1.3,-0.83,-0.066,0.56,0.86,-3.3,-16.06,9.0,1,-5.054,1,-12.4,-1.0,-1.81,0.0,0.0,-0.66,0.0,-6.0
279,-0.73,0,-0.99,1.23,0.049,0.18,-1.51,-0.5,31.02,92.5,-2,2.971,2,33.0,-0.4,-2.38,2.0,1.0,1.86,4.0,15.0
280,0.0,0,0.0,0.0,0.0,0.0,0.0,0.0,0.0,0.0,0,0.0,0,0.0,0.0,0.0,0.0,0.0,0.0,0.0,0.0
281,-1.58,0,-3.37,-1.4,-0.078,-0.26,-0.58,-4.5,-12.05,-40.4,0,-0.791,1,-36.6,-0.9,-1.7,-1.0,-1.0,0.0,-2.0,-3.0
282,0.27,0,1.14,0.12,0.023,-0.11,1.54,0.9,-3.99,-58.2,1,-2.24,-1,-2.6,-0.1,0.79,0.0,1.0,0.75,0.0,-3.0
283,0.0,0,0.0,0.0,0.0,0.0,0.0,0.0,0.0,0.0,0,0.0,0,0.0,0.0,0.0,0.0,0.0,0.0,0.0,0.0
284,-0.11,1,0.53,2.18,0.111,-0.99,-0.14,0.4,28.05,6.2,0,-1.761,2,39.7,-0.7,0.77,2.0,2.0,2.26,4.0,6.0
285,0.0,0,0.0,0.0,0.0,0.0,0.0,0.0,0.0,0.0,0,0.0,0,0.0,0.0,0.0,0.0,0.0,0.0,0.0,0.0
286,0.12,0,-0.03,1.0,0.046,0.04,-0.02,0.6,14.02,-16.63,-1,0.669,0,25.0,-0.1,-0.09,1.0,1.0,1.75,2.0,6.0
287,-0.11,1,0.53,2.18,0.111,-0.99,-0.14,0.4,28.05,6.2,0,-1.761,2,39.7,-0.7,0.77,2.0,2.0,2.26,4.0,6.0
288,,,,,,,,,,,,,,,,,,,,,
289,0.22,0,0.96,1.0,0.046,0.04,0.06,2.6,14.02,6.77,0,0.39,0,24.2,0.1,-0.18,1.0,1.0,0.0,2.0,6.0
290,-0.11,1,0.53,2.18,0.111,-0.99,-0.14,0.4,28.05,6.2,0,-1.761,2,39.7,-0.7,0.77,2.0,2.0,2.26,4.0,6.0
291,0.16,0,-0.89,-1.81,-0.068,-0.38,0.06,-1.0,-26.03,-28.5,-1,-4.91,0,-74.0,0.3,0.59,-2.0,-3.0,-2.17,-4.0,-9.0
292,-0.32,-1,-0.19,-0.17,-0.029,-0.01,0.8,-0.5,0.98,10.65,0,2.06,-1,-3.1,-0.1,0.13,0.0,0.0,0.17,0.0,0.993
293,1.59,0,1.81,1.4,0.078,0.11,0.41,2.6,12.06,13.13,-1,0.925,-1,36.4,0.7,1.8,1.0,1.0,1.58,1.0,2.0
294,0.22,0,0.96,1.0,0.046,0.04,0.06,2.6,14.02,6.77,0,0.39,0,24.2,0.1,-0.18,1.0,1.0,0.0,2.0,6.0
295,1.17,-1,1.57,0.34,0.007,1.02,0.12,1.8,6.99,-22.5,1,5.94,-3,41.1,1.0,0.72,1.0,2.0,0.76,1.0,11.0
296,0.83,0,1.65,4.87,0.236,-0.01,-0.1,3.3,76.1,-2.5,-1,5.434,0,135.2,-0.3,-0.18,6.0,7.0,7.21,10.0,34.0
297,-0.06,0,-0.03,-0.43,-0.035,0.08,0.39,0.2,-18.04,-1.0,0,0.414,0,-2.5,0.1,-0.36,0.0,0.0,-0.4,-1.0,-10.0
298,-0.32,-1,-0.19,-0.17,-0.029,-0.01,0.8,-0.5,0.98,10.65,0,2.06,-1,-3.1,-0.1,0.13,0.0,0.0,0.17,0.0,0.993
299,-1.72,1,-1.83,-1.95,-0.118,-1.2,-0.45,-2.7,-30.04,46.2,-1,-2.63,3,-13.7,-1.7,-1.89,-3.0,-5.0,-2.98,-2.0,-23.0
300,-2.2,1,-1.22,3.7,0.163,-0.47,0.64,-1.8,53.05,29.0,-1,-5.56,4,81.7,-2.3,-2.71,5.0,5.0,5.79,9.0,17.0
301,-0.12,0,0.03,-1.0,-0.046,-0.04,0.02,-0.6,-14.02,16.63,1,-0.669,0,-25.0,0.1,0.09,-1.0,-1.0,-1.75,-2.0,-6.0
302,0.0,0,0.0,0.0,0.0,0.0,0.0,0.0,0.0,0.0,0,0.0,0,0.0,0.0,0.0,0.0,0.0,0.0,0.0,0.0
303,0.44,0,0.96,-0.6,-0.016,0.13,0.48,0.2,-16.0,9.3,-2,0.156,-1,-10.5,0.4,2.96,-1.0,-1.0,-0.67,-2.0,-10.0
304,0.67,0,1.41,-2.95,-0.134,0.17,0.56,-0.9,-57.06,-4.5,0,-1.099,-2,-64.9,1.0,4.63,-4.0,-4.0,-4.86,-7.0,-27.0
305,,,,,,,,,,,,,,,,,,,,,
306,0.43,-1,-0.3,-6.13,-0.291,1.16,0.79,0.0,-99.13,-12.5,2,0.505,-4,-128.6,1.7,1.81,-7.0,-7.0,-8.12,-12.0,-38.0
307,0.84,-1,0.52,-6.13,-0.291,-1.18,-8.99,-0.3,-174.2,-12.5,-1,1.03,-4,-196.1,1.4,-6.18,-8.0,-7.0,-8.12,-12.0,-45.0
308,0.35,0,1.18,1.0,0.046,0.0,-0.09,-1.3,14.02,1.8,-2,0.157,0,24.0,0.0,2.05,1.0,1.0,1.0,1.0,5.0
309,0.32,1,0.19,0.17,0.029,0.01,-0.8,0.5,-0.98,-10.65,0,-2.06,1,3.1,0.1,-0.13,0.0,0.0,-0.17,0.0,-0.993
310,-0.29,-1,0.07,0.83,0.017,0.17,0.87,0.0,15.01,17.6,-2,1.77,-1,16.3,-0.2,-0.26,1.0,1.0,1.0,2.0,6.993
311,0.43,-1,-0.3,-6.13,-0.291,1.16,0.79,0.0,-99.13,-12.5,2,0.505,-4,-128.6,1.7,1.81,-7.0,-7.0,-8.12,-12.0,-38.0
312,1.58,0,3.37,1.4,0.078,0.26,0.58,4.5,12.05,40.4,0,0.791,-1,36.6,0.9,1.7,1.0,1.0,0.0,2.0,3.0
313,0.39,1,0.27,-2.78,-0.105,0.33,0.18,1.5,-58.03,-5.05,0,-2.585,-1,-67.7,0.9,2.23,-4.0,-4.0,-5.17,-6.0,-27.0
314,-0.06,0,0.42,-1.72,-0.085,0.35,-0.95,-1.4,-26.04,88.0,-2,1.872,0,-31.9,0.6,2.25,-2.0,-3.0,-3.0,-3.0,-12.0
315,0.39,1,0.27,-2.78,-0.105,0.33,0.18,1.5,-58.03,-5.05,0,-2.585,-1,-67.7,0.9,2.23,-4.0,-4.0,-5.17,-6.0,-27.0
316,-2.2,1,-1.22,3.7,0.163,-0.47,0.64,-1.8,53.05,29.0,-1,-5.56,4,81.7,-2.3,-2.71,5.0,5.0,5.79,9.0,17.0
317,1.54,0,2.41,1.83,0.113,0.18,0.11,2.3,30.09,18.0,-1,0.656,-1,39.9,0.6,2.15,1.0,1.0,2.15,3.0,13.0
318,0.94,0,-0.04,-0.58,-0.008,-0.37,0.07,0.7,-16.0,-24.5,0,-3.85,-1,-38.4,0.9,1.08,-1.0,-1.0,-1.88,-2.0,-8.0
319,,,,,,,,,,,,,,,,,,,,,
320,-1.54,0,-2.41,-1.83,-0.113,-0.18,-0.11,-2.3,-30.09,-18.0,1,-0.656,1,-39.9,-0.6,-2.15,-1.0,-1.0,-2.15,-3.0,-13.0
321,-1.5,0,-2.03,-3.0,-0.14,0.02,0.16,-1.1,-42.08,-5.63,1,-0.926,0,-70.9,-0.3,-0.89,-3.0,-3.0,-3.25,-4.0,-17.0
322,-1.72,1,-1.83,-1.95,-0.118,-1.2,-0.45,-2.7,-30.04,46.2,-1,-2.63,3,-13.7,-1.7,-1.89,-3.0,-5.0,-2.98,-2.0,-23.0
323,1.5,0,2.03,3.0,0.14,-0.02,-0.16,1.1,42.08,5.63,-1,0.926,0,70.9,0.3,0.89,3.0,3.0,3.25,4.0,17.0
324,0.43,-1,-0.3,-6.13,-0.291,1.16,0.79,0.0,-99.13,-12.5,2,0.505,-4,-128.6,1.7,1.81,-7.0,-7.0,-8.12,-12.0,-38.0
325,0.11,-1,-0.53,-2.18,-0.111,0.99,0.14,-0.4,-28.05,-6.2,0,1.761,-2,-39.7,0.7,-0.77,-2.0,-2.0,-2.26,-4.0,-6.0
326,1.5,0,2.03,3.0,0.14,-0.02,-0.16,1.1,42.08,5.63,-1,0.926,0,70.9,0.3,0.89,3.0,3.0,3.25,4.0,17.0
327,0.44,0,0.96,-0.6,-0.016,0.13,0.48,0.2,-16.0,9.3,-2,0.156,-1,-10.5,0.4,2.96,-1.0,-1.0,-0.67,-2.0,-10.0
328,-1.72,1,-1.83,-1.95,-0.118,-1.2,-0.45,-2.7,-30.04,46.2,-1,-2.63,3,-13.7,-1.7,-1.89,-3.0,-5.0,-2.98,-2.0,-23.0
329,-1.54,0,-2.41,-1.83,-0.113,-0.18,-0.11,-2.3,-30.09,-18.0,1,-0.656,1,-39.9,-0.6,-2.15,-1.0,-1.0,-2.15,-3.0,-13.0
330,-1.72,1,-1.83,-1.95,-0.118,-1.2,-0.45,-2.7,-30.04,46.2,-1,-2.63,3,-13.7,-1.7,-1.89,-3.0,-5.0,-2.98,-2.0,-23.0
331,0.7,-1,-0.34,-1.82,-0.085,-0.16,-0.38,0.2,-14.07,-20.2,2,0.0,0,-24.2,1.3,1.23,-1.0,-1.0,-2.0,-3.0,-3.993
332,-0.21,0,-1.56,1.6,0.062,-0.24,-0.59,0.5,30.03,-29.8,1,0.368,1,34.5,-0.5,-3.04,2.0,2.0,2.25,3.0,15.0
333,-0.16,0,0.89,1.81,0.068,0.38,-0.06,1.0,26.03,28.5,1,4.91,0,74.0,-0.3,-0.59,2.0,3.0,2.17,4.0,9.0
334,-0.33,0,0.13,4.08,0.223,0.02,-0.16,1.0,73.07,-22.7,1,0.53,1,46.4,-0.2,-0.72,6.0,8.0,6.1,8.0,38.0
335,-1.72,1,-1.83,-1.95,-0.118,-1.2,-0.45,-2.7,-30.04,46.2,-1,-2.63,3,-13.7,-1.7,-1.89,-3.0,-5.0,-2.98,-2.0,-23.0
336,-0.32,-1,-0.19,-0.17,-0.029,-0.01,0.8,-0.5,0.98,10.65,0,2.06,-1,-3.1,-0.1,0.13,0.0,0.0,0.17,0.0,0.993
337,0.04,1,-0.22,0.17,0.029,-0.02,-0.54,0.6,-0.98,-5.7,0,-1.039,1,1.8,0.0,0.04,0.0,0.0,-0.14,0.0,-1.0
338,0.41,-2,-0.27,-0.99,-0.068,0.01,0.49,0.2,0.94,-2.6,0,1.77,-1,-7.9,1.1,0.97,0.0,0.0,-1.0,-1.0,3.0
339,0.49,0,0.22,1.94,0.099,-0.17,-1.47,0.7,40.03,47.7,-2,2.24,1,39.8,0.2,-0.3,3.0,2.0,2.71,5.0,23.0
340,-0.34,1,0.08,4.53,0.229,-1.03,-0.22,1.5,69.11,20.0,-2,-0.506,3,94.1,-1.3,-0.9,5.0,5.0,6.45,9.0,23.0
341,0.0,0,0.0,0.0,0.0,0.0,0.0,0.0,0.0,0.0,0,0.0,0,0.0,0.0,0.0,0.0,0.0,0.0,0.0,0.0
342,0.11,-1,-0.53,-2.18,-0.111,0.99,0.14,-0.4,-28.05,-6.2,0,1.761,-2,-39.7,0.7,-0.77,-2.0,-2.0,-2.26,-4.0,-6.0
343,0.0,0,0.0,0.0,0.0,0.0,0.0,0.0,0.0,0.0,0,0.0,0,0.0,0.0,0.0,0.0,0.0,0.0,0.0,0.0
344,0.15,0,-0.48,-1.57,-0.058,-0.71,-1.25,0.1,-10.02,-5.5,1,3.46,0,-49.0,0.4,0.1,-2.0,-2.0,-2.67,-3.0,-2.0
345,-1.58,0,-3.37,-1.4,-0.078,-0.26,-0.58,-4.5,-12.05,-40.4,0,-0.791,1,-36.6,-0.9,-1.7,-1.0,-1.0,0.0,-2.0,-3.0
346,-0.06,0,0.42,-1.72,-0.085,0.35,-0.95,-1.4,-26.04,88.0,-2,1.872,0,-31.9,0.6,2.25,-2.0,-3.0,-3.0,-3.0,-12.0
347,0.21,0,1.56,-1.6,-0.062,0.24,0.59,-0.5,-30.03,29.8,-1,-0.368,-1,-34.5,0.5,3.04,-2.0,-2.0,-2.25,-3.0,-15.0
348,0.39,1,0.27,-2.78,-0.105,0.33,0.18,1.5,-58.03,-5.05,0,-2.585,-1,-67.7,0.9,2.23,-4.0,-4.0,-5.17,-6.0,-27.0
349,-1.71,0,-1.78,-2.4,-0.124,-0.15,-0.39,-3.2,-26.08,3.5,2,-1.594,1,-61.4,-0.6,-1.71,-2.0,-2.0,-3.33,-3.0,-8.0
350,0.18,0,0.0,1.43,0.081,-0.04,-0.41,0.4,32.06,-15.63,-1,0.255,0,27.5,-0.2,0.27,1.0,1.0,2.15,3.0,16.0
351,-0.16,0,0.89,1.81,0.068,0.38,-0.06,1.0,26.03,28.5,1,4.91,0,74.0,-0.3,-0.59,2.0,3.0,2.17,4.0,9.0
352,0.45,-1,-0.49,-0.82,-0.039,-0.01,-0.05,0.8,-0.04,-8.3,0,0.731,0,-6.1,1.1,1.01,0.0,0.0,-1.14,-1.0,2.0
353,0.11,-1,-0.53,-2.18,-0.111,0.99,0.14,-0.4,-28.05,-6.2,0,1.761,-2,-39.7,0.7,-0.77,-2.0,-2.0,-2.26,-4.0,-6.0
354,-1.72,1,-1.83,-1.95,-0.118,-1.2,-0.45,-2.7,-30.04,46.2,-1,-2.63,3,-13.7,-1.7,-1.89,-3.0,-5.0,-2.98,-2.0,-23.0
355,,,,,,,,,,,,,,,,,,,,,
356,-1.21,0,-1.24,-1.28,-0.055,-0.37,1.04,-1.6,-16.04,-75.2,2,-3.31,0,-40.0,-0.8,-1.0,-1.0,0.0,-1.0,-2.0,-6.0
357,-1.15,0,-0.85,-2.0,-0.094,0.02,0.07,-2.4,-28.06,-3.83,-1,-0.769,0,-46.9,-0.3,1.16,-2.0,-2.0,-2.25,-3.0,-12.0
358,-1.71,0,-1.78,-2.4,-0.124,-0.15,-0.39,-3.2,-26.08,3.5,2,-1.594,1,-61.4,-0.6,-1.71,-2.0,-2.0,-3.33,-3.0,-8.0
359,1.18,-1,0.56,-4.77,-0.219,-2.18,-9.18,0.9,-146.19,-14.6,-1,-0.0,-2,-162.5,1.8,-4.4,-6.0,-5.0,-7.0,-9.0,-37.0
360,0.84,-1,0.52,-6.13,-0.291,-1.18,-8.99,-0.3,-174.2,-12.5,-1,1.03,-4,-196.1,1.4,-6.18,-8.0,-7.0,-8.12,-12.0,-45.0
361,0.0,0,0.0,0.0,0.0,0.0,0.0,0.0,0.0,0.0,0,0.0,0,0.0,0.0,0.0,0.0,0.0,0.0,0.0,0.0
362,-1.72,1,-1.83,-1.95,-0.118,-1.2,-0.45,-2.7,-30.04,46.2,-1,-2.63,3,-13.7,-1.7,-1.89,-3.0,-5.0,-2.98,-2.0,-23.0
363,-1.03,0,0.35,4.04,0.17,0.55,0.76,0.0,60.04,6.5,0,0.38,1,122.8,-1.3,-1.99,6.0,7.0,6.55,10.0,28.0
364,0.02,0,-0.3,1.35,0.072,-0.19,-0.41,0.5,27.03,1.9,0,0.524,1,36.3,-0.4,-1.45,2.0,2.0,3.33,3.0,11.007
365,0.43,-1,-0.3,-6.13,-0.291,1.16,0.79,0.0,-99.13,-12.5,2,0.505,-4,-128.6,1.7,1.81,-7.0,-7.0,-8.12,-12.0,-38.0
366,0.0,0,0.0,0.0,0.0,0.0,0.0,0.0,0.0,0.0,0,0.0,0,0.0,0.0,0.0,0.0,0.0,0.0,0.0,0.0
367,0.36,1,0.01,-3.78,-0.151,0.15,0.11,1.0,-72.06,-12.0,2,-2.295,-1,-87.1,1.0,2.62,-5.0,-5.0,-6.0,-8.0,-33.0
368,-0.21,0,-1.56,1.6,0.062,-0.24,-0.59,0.5,30.03,-29.8,1,0.368,1,34.5,-0.5,-3.04,2.0,2.0,2.25,3.0,15.0
369,0.73,0,1.05,-3.95,-0.18,-2.17,-9.13,0.1,-146.15,-6.3,-1,-0.731,-2,-156.4,0.7,-5.41,-6.0,-5.0,-5.86,-8.0,-39.0
370,0.21,0,1.56,-1.6,-0.062,0.24,0.59,-0.5,-30.03,29.8,-1,-0.368,-1,-34.5,0.5,3.04,-2.0,-2.0,-2.25,-3.0,-15.0
371,0.81,0,1.95,3.52,0.164,0.18,0.31,2.8,49.07,-4.4,-1,4.91,-1,98.9,0.1,1.27,4.0,5.0,3.88,7.0,22.993
372,-0.32,-1,-0.19,-0.17,-0.029,-0.01,0.8,-0.5,0.98,10.65,0,2.06,-1,-3.1,-0.1,0.13,0.0,0.0,0.17,0.0,0.993
373,0.0,0,0.0,0.0,0.0,0.0,0.0,0.0,0.0,0.0,0,0.0,0,0.0,0.0,0.0,0.0,0.0,0.0,0.0,0.0
374,0.03,0,0.26,1.0,0.046,0.18,0.07,0.5,14.03,6.95,-2,-0.29,0,19.4,-0.1,-0.39,1.0,1.0,0.83,2.0,6.0
375,-0.04,-1,0.22,-0.17,-0.029,0.02,0.54,-0.6,0.98,5.7,0,1.039,-1,-1.8,0.0,-0.04,0.0,0.0,0.14,0.0,1.0
376,-0.06,0,0.17,-1.89,-0.104,0.53,0.42,-0.8,-34.02,23.5,-1,0.01,0,-35.4,0.0,0.81,-3.0,-4.0,-2.0,-5.0,-18.0
377,-1.72,1,-1.83,-1.95,-0.118,-1.2,-0.45,-2.7,-30.04,46.2,-1,-2.63,3,-13.7,-1.7,-1.89,-3.0,-5.0,-2.98,-2.0,-23.0
378,0.22,0,0.96,1.0,0.046,0.04,0.06,2.6,14.02,6.77,0,0.39,0,24.2,0.1,-0.18,1.0,1.0,0.0,2.0,6.0
379,0.5,0,0.54,1.12,0.069,-0.22,1.43,1.6,10.04,-78.7,0,-1.716,-1,21.4,-0.2,0.71,1.0,2.0,2.33,1.0,2.0
380,-0.21,0,-1.56,1.6,0.062,-0.24,-0.59,0.5,30.03,-29.8,1,0.368,1,34.5,-0.5,-3.04,2.0,2.0,2.25,3.0,15.0
381,-0.11,1,0.53,2.18,0.111,-0.99,-0.14,0.4,28.05,6.2,0,-1.761,2,39.7,-0.7,0.77,2.0,2.0,2.26,4.0,6.0
382,0.36,1,0.01,-3.78,-0.151,0.15,0.11,1.0,-72.06,-12.0,2,-2.295,-1,-87.1,1.0,2.62,-5.0,-5.0,-6.0,-8.0,-33.0
383,0.22,0,0.96,1.0,0.046,0.04,0.06,2.6,14.02,6.77,0,0.39,0,24.2,0.1,-0.18,1.0,1.0,0.0,2.0,6.0
384,,,,,,,,,,,,,,,,,,,,,
385,,,,,,,,,,,,,,,,,,,,,
386,-0.78,1,-0.88,5.13,0.245,-1.16,-0.7,1.3,85.11,10.7,0,-0.662,4,104.6,-1.7,-3.86,6.0,6.0,7.12,11.0,33.0
387,0.09,0,-0.22,-1.6,-0.062,0.13,0.57,1.5,-30.02,7.5,0,-0.001,-1,-34.5,0.4,0.91,-2.0,-2.0,-1.67,-3.0,-15.0
388,0.27,0,-0.51,-0.57,-0.012,-0.67,-1.27,0.7,4.0,-22.13,0,4.129,0,-24.0,0.3,0.01,-1.0,-1.0,-0.92,-1.0,4.0
389,1.21,0,1.24,1.28,0.055,0.37,-1.04,1.6,16.04,75.2,-2,3.31,0,40.0,0.8,1.0,1.0,0.0,1.0,2.0,6.0
390,1.21,0,1.24,1.28,0.055,0.37,-1.04,1.6,16.04,75.2,-2,3.31,0,40.0,0.8,1.0,1.0,0.0,1.0,2.0,6.0
391,-0.06,0,0.17,-1.89,-0.104,0.53,0.42,-0.8,-34.02,23.5,-1,0.01,0,-35.4,0.0,0.81,-3.0,-4.0,-2.0,-5.0,-18.0
392,0.11,-1,-0.53,-2.18,-0.111,0.99,0.14,-0.4,-28.05,-6.2,0,1.761,-2,-39.7,0.7,-0.77,-2.0,-2.0,-2.26,-4.0,-6.0
393,-1.72,1,-1.83,-1.95,-0.118,-1.2,-0.45,-2.7,-30.04,46.2,-1,-2.63,3,-13.7,-1.7,-1.89,-3.0,-5.0,-2.98,-2.0,-23.0
394,1.77,0,1.52,2.43,0.128,-0.69,-1.43,1.8,46.08,-16.5,-1,5.055,0,46.9,0.6,0.9,2.0,2.0,2.33,3.0,21.0
395,-1.72,1,-1.83,-1.95,-0.118,-1.2,-0.45,-2.7,-30.04,46.2,-1,-2.63,3,-13.7,-1.7,-1.89,-3.0,-5.0,-2.98,-2.0,-23.0
396,-0.39,-1,-0.27,2.78,0.105,-0.33,-0.18,-1.5,58.03,5.05,0,2.585,1,67.7,-0.9,-2.23,4.0,4.0,5.17,6.0,27.0
397,-1.72,1,-1.83,-1.95,-0.118,-1.2,-0.45,-2.7,-30.04,46.2,-1,-2.63,3,-13.7,-1.7,-1.89,-3.0,-5.0,-2.98,-2.0,-23.0
398,0.0,0,0.0,0.0,0.0,0.0,0.0,0.0,0.0,0.0,0,0.0,0,0.0,0.0,0.0,0.0,0.0,0.0,0.0,0.0
399,,,,,,,,,,,,,,,,,,,,,
400,0.04,0,0.96,-0.43,-0.035,0.08,0.47,2.2,-18.04,22.4,1,0.135,0,-3.3,0.3,-0.45,0.0,0.0,-2.15,-1.0,-10.0
401,-1.21,0,-1.24,-1.28,-0.055,-0.37,1.04,-1.6,-16.04,-75.2,2,-3.31,0,-40.0,-0.8,-1.0,-1.0,0.0,-1.0,-2.0,-6.0
402,-0.21,0,-1.56,1.6,0.062,-0.24,-0.59,0.5,30.03,-29.8,1,0.368,1,34.5,-0.5,-3.04,2.0,2.0,2.25,3.0,15.0
403,1.33,-1,0.68,-1.47,-0.061,0.64,0.18,0.8,-19.04,-51.0,0,1.03,-3,-32.9,1.3,1.31,-1.0,-1.0,-1.41,-3.0,2.0
404,-1.71,0,-1.78,-2.4,-0.124,-0.15,-0.39,-3.2,-26.08,3.5,2,-1.594,1,-61.4,-0.6,-1.71,-2.0,-2.0,-3.33,-3.0,-8.0
405,-0.49,0,-0.22,-1.94,-0.099,0.17,1.47,-0.7,-40.03,-47.7,2,-2.24,-1,-39.8,-0.2,0.3,-3.0,-2.0,-2.71,-5.0,-23.0
406,0.84,-1,0.46,-3.41,-0.16,0.81,1.65,0.1,-59.07,-98.7,2,-1.21,-4,-72.7,1.1,1.61,-4.0,-3.0,-4.12,-8.0,-21.0
407,1.79,0,3.07,1.05,0.052,0.34,0.88,4.7,-0.95,18.0,-1,0.791,-2,24.3,1.2,3.07,0.0,0.0,-1.75,0.0,-3.007
408,0.5,0,0.6,-1.6,-0.062,-2.21,-9.21,1.2,-105.09,7.5,-3,0.524,-1,-102.0,0.1,-7.08,-3.0,-2.0,-1.67,-3.0,-22.0
409,0.83,0,1.65,4.87,0.236,-0.01,-0.1,3.3,76.1,-2.5,-1,5.434,0,135.2,-0.3,-0.18,6.0,7.0,7.21,10.0,34.0
410,0.76,0,1.36,2.06,0.122,-0.28,0.07,1.6,36.04,-10.5,-1,0.0,0,37.2,0.1,0.49,3.0,3.0,3.46,5.0,20.0
411,-1.21,0,-1.18,-4.0,-0.186,-2.36,-9.6,-2.0,-131.17,11.0,-1,-1.07,0,-163.4,-0.5,-8.79,-5.0,-4.0,-5.0,-6.0,-30.0
412,-1.21,0,-1.24,-1.28,-0.055,-0.37,1.04,-1.6,-16.04,-75.2,2,-3.31,0,-40.0,-0.8,-1.0,-1.0,0.0,-1.0,-2.0,-6.0
413,0.0,0,0.0,0.0,0.0,0.0,0.0,0.0,0.0,0.0,0,0.0,0,0.0,0.0,0.0,0.0,0.0,0.0,0.0,0.0
414,-0.18,0,0.0,-1.43,-0.081,0.04,0.41,-0.4,-32.06,15.63,1,-0.255,0,-27.5,0.2,-0.27,-1.0,-1.0,-2.15,-3.0,-16.0
415,0.0,0,0.0,0.0,0.0,0.0,0.0,0.0,0.0,0.0,0,0.0,0,0.0,0.0,0.0,0.0,0.0,0.0,0.0,0.0
416,-1.21,0,-1.18,-4.0,-0.186,-2.36,-9.6,-2.0,-131.17,11.0,-1,-1.07,0,-163.4,-0.5,-8.79,-5.0,-4.0,-5.0,-6.0,-30.0
417,-1.58,0,-3.37,-1.4,-0.078,-0.26,-0.58,-4.5,-12.05,-40.4,0,-0.791,1,-36.6,-0.9,-1.7,-1.0,-1.0,0.0,-2.0,-3.0
418,-1.54,0,-2.41,-1.83,-0.113,-0.18,-0.11,-2.3,-30.09,-18.0,1,-0.656,1,-39.9,-0.6,-2.15,-1.0,-1.0,-2.15,-3.0,-13.0
419,-0.39,-1,-0.27,2.78,0.105,-0.33,-0.18,-1.5,58.03,5.05,0,2.585,1,67.7,-0.9,-2.23,4.0,4.0,5.17,6.0,27.0
420,0.35,0,1.18,1.0,0.046,0.0,-0.09,-1.3,14.02,1.8,-2,0.157,0,24.0,0.0,2.05,1.0,1.0,1.0,1.0,5.0
421,0.21,0,1.56,-1.6,-0.062,0.24,0.59,-0.5,-30.03,29.8,-1,-0.368,-1,-34.5,0.5,3.04,-2.0,-2.0,-2.25,-3.0,-15.0
422,-2.05,1,-1.7,2.13,0.105,-1.18,-0.61,-1.7,43.03,23.5,0,-2.1,4,32.7,-1.9,-2.61,3.0,3.0,3.12,6.0,15.0
423,0.06,0,-0.42,1.72,0.085,-0.35,0.95,1.4,26.04,-88.0,2,-1.872,0,31.9,-0.6,-2.25,2.0,3.0,3.0,3.0,12.0
424,0.0,0,0.0,0.0,0.0,0.0,0.0,0.0,0.0,0.0,0,0.0,0,0.0,0.0,0.0,0.0,0.0,0.0,0.0,0.0
425,0.21,0,1.56,-1.6,-0.062,0.24,0.59,-0.5,-30.03,29.8,-1,-0.368,-1,-34.5,0.5,3.04,-2.0,-2.0,-2.25,-3.0,-15.0
426,-0.11,1,0.53,2.18,0.111,-0.99,-0.14,0.4,28.05,6.2,0,-1.761,2,39.7,-0.7,0.77,2.0,2.0,2.26,4.0,6.0
427,-0.18,0,0.0,-1.43,-0.081,0.04,0.41,-0.4,-32.06,15.63,1,-0.255,0,-27.5,0.2,-0.27,-1.0,-1.0,-2.15,-3.0,-16.0
428,-0.78,1,-0.88,5.13,0.245,-1.16,-0.7,1.3,85.11,10.7,0,-0.662,4,104.6,-1.7,-3.86,6.0,6.0,7.12,11.0,33.0
429,1.06,0,2.1,2.52,0.118,0.03,-0.02,2.2,35.04,-16.3,1,4.179,-1,80.8,0.3,1.49,3.0,4.0,3.02,5.0,17.0
430,-1.54,0,-2.41,-1.83,-0.113,-0.18,-0.11,-2.3,-30.09,-18.0,1,-0.656,1,-39.9,-0.6,-2.15,-1.0,-1.0,-2.15,-3.0,-13.0
431,1.21,0,1.24,1.28,0.055,0.37,-1.04,1.6,16.04,75.2,-2,3.31,0,40.0,0.8,1.0,1.0,0.0,1.0,2.0,6.0
432,-1.09,0,-1.21,-3.0,-0.14,-2.32,-9.62,-1.4,-117.15,-5.63,-2,-0.401,0,-138.4,-0.6,-8.88,-4.0,-3.0,-3.25,-4.0,-24.0
433,-1.33,1,-0.68,1.47,0.061,-0.64,-0.18,-0.8,19.04,51.0,0,-1.03,3,32.9,-1.3,-1.31,1.0,1.0,1.41,3.0,-2.0
434,-1.21,0,-1.24,-1.28,-0.055,-0.37,1.04,-1.6,-16.04,-75.2,2,-3.31,0,-40.0,-0.8,-1.0,-1.0,0.0,-1.0,-2.0,-6.0
435,-0.36,1,0.38,3.18,0.157,-0.84,0.19,1.0,42.08,18.1,-2,-1.03,2,57.8,-0.9,0.55,3.0,3.0,3.12,6.0,11.993
436,0.91,-1,-0.64,-2.17,-0.111,-0.08,-0.08,0.4,-27.07,-42.6,1,0.0,-1,-36.5,1.6,2.6,-2.0,-2.0,-3.75,-5.0,-10.0
437,-0.7,1,0.34,1.82,0.085,0.16,0.38,-0.2,14.07,20.2,-2,0.0,0,24.2,-1.3,-1.23,1.0,1.0,2.0,3.0,3.993
438,0.81,0,1.95,3.52,0.164,0.18,0.31,2.8,49.07,-4.4,-1,4.91,-1,98.9,0.1,1.27,4.0,5.0,3.88,7.0,22.993
439,-0.83,0,-1.65,-4.87,-0.236,0.01,0.1,-3.3,-76.1,2.5,1,-5.434,0,-135.2,0.3,0.18,-6.0,-7.0,-7.21,-10.0,-34.0
440,-2.05,1,-1.7,2.13,0.105,-1.18,-0.61,-1.7,43.03,23.5,0,-2.1,4,32.7,-1.9,-2.61,3.0,3.0,3.12,6.0,15.0
441,-0.22,0,-0.96,-1.0,-0.046,-0.04,-0.06,-2.6,-14.02,-6.77,0,-0.39,0,-24.2,-0.1,0.18,-1.0,-1.0,0.0,-2.0,-6.0
442,-0.11,1,0.53,2.18,0.111,-0.99,-0.14,0.4,28.05,6.2,0,-1.761,2,39.7,-0.7,0.77,2.0,2.0,2.26,4.0,6.0
443,1.77,0,1.61,4.29,0.228,-0.38,-0.03,4.0,60.1,-27.0,-1,1.584,-1,96.8,0.6,0.9,5.0,6.0,5.33,8.0,26.0
444,-2.2,1,-1.22,3.7,0.163,-0.47,0.64,-1.8,53.05,29.0,-1,-5.56,4,81.7,-2.3,-2.71,5.0,5.0,5.79,9.0,17.0
445,0.06,0,-0.42,1.72,0.085,-0.35,0.95,1.4,26.04,-88.0,2,-1.872,0,31.9,-0.6,-2.25,2.0,3.0,3.0,3.0,12.0
446,0.0,0,0.0,0.0,0.0,0.0,0.0,0.0,0.0,0.0,0,0.0,0,0.0,0.0,0.0,0.0,0.0,0.0,0.0,0.0
447,-1.15,0,-0.85,-2.0,-0.094,0.02,0.07,-2.4,-28.06,-3.83,-1,-0.769,0,-46.9,-0.3,1.16,-2.0,-2.0,-2.25,-3.0,-12.0
448,-1.13,-1,-2.14,-3.69,-0.193,-0.19,0.49,-3.3,-48.09,15.05,1,-2.85,0,-102.0,-0.2,-1.14,-4.0,-5.0,-3.71,-7.0,-22.0
449,0.39,1,0.27,-2.78,-0.105,0.33,0.18,1.5,-58.03,-5.05,0,-2.585,-1,-67.7,0.9,2.23,-4.0,-4.0,-5.17,-6.0,-27.0
450,-0.83,0,-1.65,-4.87,-0.236,0.01,0.1,-3.3,-76.1,2.5,1,-5.434,0,-135.2,0.3,0.18,-6.0,-7.0,-7.21,-10.0,-34.0
451,-1.33,1,-0.68,1.47,0.061,-0.64,-0.18,-0.8,19.04,51.0,0,-1.03,3,32.9,-1.3,-1.31,1.0,1.0,1.41,3.0,-2.0
452,1.79,0,3.07,1.05,0.052,0.34,0.88,4.7,-0.95,18.0,-1,0.791,-2,24.3,1.2,3.07,0.0,0.0,-1.75,0.0,-3.007
453,-2.08,-1,-3.0,-0.22,-0.035,-0.17,-0.01,-4.7,15.96,-0.4,-1,0.979,1,-8.0,-1.4,-3.33,1.0,1.0,2.75,2.0,10.0
454,-1.71,0,-1.78,-2.4,-0.124,-0.15,-0.39,-3.2,-26.08,3.5,2,-1.594,1,-61.4,-0.6,-1.71,-2.0,-2.0,-3.33,-3.0,-8.0
455,-0.46,0,0.15,1.35,0.072,0.07,0.03,0.4,27.03,34.3,-1,0.731,1,30.4,-0.5,-1.59,2.0,2.0,2.61,4.0,12.0
456,,,,,,,,,,,,,,,,,,,,,
457,-1.33,1,-0.68,1.47,0.061,-0.64,-0.18,-0.8,19.04,51.0,0,-1.03,3,32.9,-1.3,-1.31,1.0,1.0,1.41,3.0,-2.0
458,-0.43,1,0.3,6.13,0.291,-1.16,-0.79,0.0,99.13,12.5,-2,-0.505,4,128.6,-1.7,-1.81,7.0,7.0,8.12,12.0,38.0
459,0.41,-2,-0.27,-0.99,-0.068,0.01,0.49,0.2,0.94,-2.6,0,1.77,-1,-7.9,1.1,0.97,0.0,0.0,-1.0,-1.0,3.0
460,0.43,-1,-0.3,-6.13,-0.291,1.16,0.79,0.0,-99.13,-12.5,2,0.505,-4,-128.6,1.7,1.81,-7.0,-7.0,-8.12,-12.0,-38.0
461,-0.41,2,0.27,0.99,0.068,-0.01,-0.49,-0.2,-0.94,2.6,0,-1.77,1,7.9,-1.1,-0.97,0.0,0.0,1.0,1.0,-3.0
462,0.0,0,0.0,0.0,0.0,0.0,0.0,0.0,0.0,0.0,0,0.0,0,0.0,0.0,0.0,0.0,0.0,0.0,0.0,0.0
463,-1.86,-1,-2.04,0.78,0.011,-0.13,0.05,-2.1,29.98,6.37,-1,1.369,1,16.2,-1.3,-3.51,2.0,2.0,2.75,4.0,16.0
464,0.83,0,1.65,4.87,0.236,-0.01,-0.1,3.3,76.1,-2.5,-1,5.434,0,135.2,-0.3,-0.18,6.0,7.0,7.21,10.0,34.0
465,-0.7,1,0.34,1.82,0.085,0.16,0.38,-0.2,14.07,20.2,-2,0.0,0,24.2,-1.3,-1.23,1.0,1.0,2.0,3.0,3.993
466,0.73,0,1.05,-3.95,-0.18,-2.17,-9.13,0.1,-146.15,-6.3,-1,-0.731,-2,-156.4,0.7,-5.41,-6.0,-5.0,-5.86,-8.0,-39.0
467,-0.09,0,0.22,1.6,0.062,-0.13,-0.57,-1.5,30.02,-7.5,0,0.001,1,34.5,-0.4,-0.91,2.0,2.0,1.67,3.0,15.0
468,,,,,,,,,,,,,,,,,,,,,
469,-1.72,1,-1.83,-1.95,-0.118,-1.2,-0.45,-2.7,-30.04,46.2,-1,-2.63,3,-13.7,-1.7,-1.89,-3.0,-5.0,-2.98,-2.0,-23.0
470,-2.2,1,-1.22,3.7,0.163,-0.47,0.64,-1.8,53.05,29.0,-1,-5.56,4,81.7,-2.3,-2.71,5.0,5.0,5.79,9.0,17.0
471,-0.06,0,0.42,-1.72,-0.085,0.35,-0.95,-1.4,-26.04,88.0,-2,1.872,0,-31.9,0.6,2.25,-2.0,-3.0,-3.0,-3.0,-12.0
472,0.02,0,-0.3,1.35,0.072,-0.19,-0.41,0.5,27.03,1.9,0,0.524,1,36.3,-0.4,-1.45,2.0,2.0,3.33,3.0,11.007
473,1.58,0,3.37,1.4,0.078,0.26,0.58,4.5,12.05,40.4,0,0.791,-1,36.6,0.9,1.7,1.0,1.0,0.0,2.0,3.0
