,cadd,fathmm,vest,proven,sift
0,-0.39348299999999997,0.04929,,0.0,1.0
1,4.918734,0.9586600000000001,0.848,,
2,4.467828,0.9356899999999999,0.575,-5.49,0.004
3,7.027027,0.99121,0.868,,
4,6.346601000000001,0.9195700000000001,0.825,,
5,3.8429839999999995,0.19877,0.333,-4.19,0.002
6,1.702394,0.8752,nan,,
7,4.5614870000000005,nan,nan,,
8,-0.42194799999999993,0.02775,nan,,
9,0.47637299999999994,0.18892,nan,,
10,3.8973449999999996,0.97841,0.755,-6.13,0.006
11,6.346444,nan,,,
12,nan,nan,nan,,
13,4.091714,0.98888,0.994,-4.68,0.0
14,1.797507,0.48882,nan,,
15,5.735863,nan,nan,,
16,2.7176869999999997,0.9661700000000001,0.841,-3.92,0.048
17,3.16615,0.9622299999999999,0.134,,
18,0.950823,0.7961199999999999,0.89,0.0,1.0
19,7.646922999999999,0.9497399999999999,0.414,,
20,0.7774979999999999,0.77912,nan,0.0,1.0
21,1.9765549999999998,0.46053999999999995,nan,,
22,8.956041,0.86003,0.887,,
23,5.165321,0.98888,0.905,-4.71,0.0
24,5.686212,0.98349,0.735,,
25,2.85859,0.83209,0.256,-1.01,0.266
26,4.215038,0.9616,0.912,-1.68,0.045
27,0.142234,0.08632999999999999,,0.0,1.0
28,4.064051,0.9700799999999999,0.872,-3.6,0.094
29,-0.036713,5e-05,nan,,
30,4.244422,0.95942,0.898,-8.75,0.0
31,3.9876,0.94134,0.942,-10.74,0.002
32,4.015662,0.99439,0.79,-5.02,0.001
33,7.386753999999999,0.9986700000000001,0.474,,
34,4.197384,0.99179,0.721,-2.75,0.015
35,4.3235019999999995,0.99251,0.967,-5.17,0.001
36,4.910287,0.89991,0.228,-1.28,0.099
37,4.505542,0.9621700000000001,0.802,-3.24,0.0
38,4.505542,0.9621700000000001,0.802,-3.24,0.0
39,3.638918,0.9705799999999999,0.903,-4.19,0.0
40,2.4883330000000004,0.91858,0.825,-1.49,0.177
41,6.807985,0.5803,0.138,,
42,-0.691787,0.00627,0.04,-0.45,0.677
43,2.508651,0.9054399999999999,0.544,-0.89,0.179
44,-0.023136,0.00203,nan,,
45,0.072714,nan,nan,,
46,3.913579,nan,nan,,
47,4.9501,nan,nan,,
48,3.946496,0.94276,0.303,-1.43,0.10099999999999999
49,0.067996,0.026910000000000003,nan,,
50,2.847509,0.98269,0.315,-1.83,0.042
51,-0.885084,nan,nan,,
52,-0.09349,0.02228,nan,,
53,0.650968,0.06432,0.02,-0.07,0.769
54,1.5595709999999998,0.15936,0.094,-0.43,
55,3.5746160000000002,0.9128799999999999,0.799,-5.14,0.001
56,1.988979,0.25939,0.27,-1.04,0.064
57,5.4472059999999995,nan,nan,,
58,5.162216,nan,nan,,
59,nan,nan,nan,,
60,4.160378,0.9726299999999999,0.832,-3.66,0.001
61,4.233494,0.8764299999999999,0.993,-7.25,0.0
62,3.7510550000000005,0.9899399999999999,0.949,-4.83,0.0
63,0.277554,0.04736,nan,,
64,5.614775,0.9817,0.535,,
65,-0.160391,7e-05,nan,,
66,4.225187,0.94763,0.904,-5.07,0.001
67,-0.324022,0.00238,nan,,
68,3.470575,0.8759100000000001,0.405,-0.12,0.061
69,4.398459,0.95935,0.887,-5.79,0.0
70,nan,nan,nan,,
71,1.430548,0.57493,0.081,-0.66,0.475
72,6.695277000000001,0.99051,0.91,,
73,1.194472,0.28268000000000004,nan,,
74,2.354148,0.94915,0.304,-3.13,0.034
75,7.550167999999999,0.91933,0.951,,
76,4.019948,0.9924299999999999,0.929,-7.76,0.0
77,3.9681029999999997,0.97725,0.829,-3.98,0.006
78,3.4096870000000004,0.98845,0.703,-4.51,0.003
79,3.953871,0.97814,0.97,-4.77,0.001
80,-0.179675,9e-05,nan,,
81,1.126539,0.3694,,0.0,1.0
82,3.5497300000000003,0.9947600000000001,0.966,-3.6,0.0
83,-0.36278299999999997,0.0043,nan,,
84,2.178474,0.10390999999999999,0.249,-0.49,0.0
85,nan,nan,nan,,
86,5.948831,0.9981399999999999,0.933,,
87,0.190361,0.3097,nan,0.0,1.0
88,3.898346,0.98031,0.972,-3.91,0.0
89,0.033789,0.15156,,0.0,1.0
90,0.037997,0.01551,nan,,
91,3.418032,0.984,0.942,-4.62,0.0
92,4.463628,0.9739200000000001,0.953,-3.87,0.0
93,-0.180342,0.29889,,0.0,1.0
94,8.305491,0.28936,0.733,,
95,0.21915900000000002,0.00346,nan,,
96,2.5102889999999998,0.73072,0.391,-1.0,0.105
97,-0.165941,0.20224,nan,,
98,-0.22414299999999998,0.02854,nan,,
99,5.942381,0.9765299999999999,0.905,-2.63,0.028999999999999998
100,1.7110990000000001,0.61511,0.31,-0.59,0.667
101,nan,nan,nan,,
102,3.7057580000000003,0.8392,0.676,-4.62,0.0
103,4.011623,0.9678,0.942,-3.88,0.001
104,nan,nan,nan,,
105,3.7634410000000003,nan,0.819,-4.54,0.0
106,3.887346,0.9928100000000001,0.686,-1.38,0.231
107,7.070728,0.30691,0.82,,
108,3.7735190000000003,0.99431,0.939,-2.3,0.115
109,3.714145,0.97478,0.956,-2.73,0.003
110,3.045636,0.9042600000000001,0.947,-2.22,0.006
111,-0.0078060000000000004,0.030010000000000002,0.244,0.0,1.0
112,4.014244000000001,0.8971899999999999,0.602,-7.24,0.0
113,3.21333,0.89991,0.972,-6.92,0.001
114,-0.27131,0.00615,nan,,
115,-0.241877,0.034260000000000006,,0.0,1.0
116,0.043251,0.03653,nan,,
117,3.144921,0.2129,0.173,-0.8,0.483
118,1.440122,0.09522,nan,,
119,7.9521880000000005,0.9803299999999999,0.491,,
120,4.189995,0.9805200000000001,0.672,-3.5,0.002
121,-0.291788,0.00018999999999999998,nan,,
122,2.780775,0.8362200000000001,0.361,-3.16,0.081
123,nan,nan,0.908,,
124,3.5921089999999998,0.92899,0.521,-3.56,0.0
125,6.0977809999999995,0.9270700000000001,0.934,,
126,4.443677,0.9986799999999999,0.954,-3.89,0.0
127,0.749846,0.00213,nan,,
128,nan,nan,0.515,,
129,4.54486,0.9491799999999999,0.767,-5.77,0.001
130,nan,nan,0.807,,
131,5.709396,0.69357,0.88,,
132,8.027272,0.94355,0.98,,
133,3.946993,0.9363100000000001,0.873,-4.23,0.0
134,3.956894,0.99364,0.996,-7.54,0.0
135,3.7990690000000003,0.9637399999999999,0.624,-1.08,0.011000000000000001
136,4.730122,0.9617100000000001,0.856,-7.34,0.0
137,5.32989,0.75192,0.178,,
138,3.112117,0.97354,0.919,-3.53,0.018000000000000002
139,3.8738309999999996,0.95124,0.915,-6.32,0.0
140,5.320945,nan,nan,,
141,2.103798,0.9358700000000001,0.888,-1.76,0.0
142,-0.025762,0.02421,nan,,
143,3.04792,0.9631299999999999,0.801,-1.54,0.109
144,nan,nan,0.626,,
145,7.478403,0.93253,0.955,,
146,0.018046,0.04188,,0.0,1.0
147,0.34778200000000004,0.02371,0.095,1.01,0.131
148,3.7963089999999995,0.95086,0.913,-6.93,0.001
149,nan,nan,0.868,,
150,4.0843370000000006,0.98061,0.912,-4.77,0.001
151,7.538897,0.91765,0.937,,
152,7.9273679999999995,0.98011,0.962,,
153,0.19531700000000002,0.03915,nan,,
154,4.878405,0.9163,0.7,,
155,3.775661,0.95686,0.742,,
156,0.20520700000000003,0.00015,nan,,
157,0.058918,0.01584,nan,,
158,0.013891999999999998,0.01726,nan,,
159,2.351748,0.9044399999999999,0.847,-3.47,0.006999999999999999
160,0.059907,0.026760000000000003,nan,,
161,4.091206,0.9868,0.992,-8.04,0.0
162,4.584647,0.8875200000000001,0.88,-6.49,0.001
163,8.605926,0.99003,0.941,,
164,0.5967859999999999,0.08497,0.207,-1.02,0.044000000000000004
165,3.874158,0.9368700000000001,0.752,-3.63,0.0
166,-0.214029,0.0048200000000000005,nan,,
167,3.930474,0.97064,0.921,-3.64,0.003
168,3.301068,0.9818600000000001,0.955,-6.36,0.0
169,4.227302,0.96434,0.944,-4.09,0.002
170,3.714316,0.96436,0.902,-8.0,0.0
171,0.4001,0.68775,,0.0,0.293
172,3.197314,0.9815200000000001,0.856,-2.22,
173,4.038211,0.8764200000000001,0.763,-1.95,0.0
174,0.53256,0.39812,0.213,-0.36,0.085
175,2.436243,0.17399,0.302,-2.21,0.027999999999999997
176,3.970126,0.9635600000000001,0.983,-4.74,0.0
177,4.133676,0.98879,0.954,-8.54,0.0
178,1.830457,0.64453,0.327,-0.85,0.049
179,4.255822,0.99603,0.913,-3.26,0.0
180,2.898803,0.9505299999999999,0.681,-2.36,0.001
181,nan,nan,0.356,,
182,3.192831,0.85914,0.364,-0.25,0.01
183,3.740669,0.98795,nan,,
184,4.518104,0.86429,0.831,-5.12,0.027000000000000003
185,1.4890729999999999,0.9402799999999999,0.164,-0.14,0.5670000000000001
186,0.067247,0.22276999999999997,0.147,-0.05,0.0
187,3.674142,0.99535,0.67,-1.7,0.053
188,3.8634180000000002,0.97154,0.879,-3.65,0.002
189,nan,nan,nan,,
190,3.27241,0.9882,0.619,-3.01,0.217
191,7.016698,0.2101,0.739,,
192,3.3805620000000003,nan,0.272,nan,nan
193,9.203142,0.9602,0.931,,
194,3.3576379999999997,0.9731700000000001,0.969,-10.62,0.0
195,4.327913,0.9778399999999999,0.626,-4.67,0.005
196,nan,nan,0.511,,
197,3.8079940000000003,0.9803,0.818,-4.19,0.001
198,-0.174402,0.0281,nan,,
199,3.26131,0.9726799999999999,0.4,-0.56,0.15
200,2.982625,0.9413299999999999,0.454,-2.67,0.079
201,-0.02804,0.023,0.285,-2.03,1.0
202,-0.099104,0.02225,nan,,
203,0.769835,0.03754,nan,,
204,-0.38298699999999997,0.00379,nan,,
205,9.031349,0.97921,0.885,,
206,nan,nan,nan,,
207,4.5340489999999996,0.9655100000000001,0.907,-9.9,0.0
208,4.008168,0.9798600000000001,0.785,-2.38,0.0
209,5.546608,0.98413,0.486,,
210,6.2139120000000005,0.9871700000000001,0.824,,
211,6.154426,0.00707,0.289,,
212,3.5509,0.8763799999999999,0.91,-7.15,0.0
213,-0.79187,0.05412,0.084,0.33,0.541
214,3.012443,0.9685799999999999,0.363,-1.23,0.23399999999999999
215,2.218155,0.86408,nan,,
216,nan,nan,nan,,
217,0.143939,0.22321,nan,,
218,-0.251173,0.08461,nan,,
219,2.694624,0.9842299999999999,0.771,-2.78,0.006
220,0.640907,0.63432,,0.0,1.0
221,3.353908,0.9653799999999999,0.983,-7.28,0.0
222,3.4029809999999996,0.7420899999999999,0.699,-4.33,0.003
223,2.6312,0.8157,0.551,-3.42,0.001
224,1.041885,0.0325,0.13,-2.14,0.107
225,3.958686,0.97436,0.7,-1.72,0.017
226,4.108887999999999,0.9889,0.924,-4.37,0.0
227,1.8519430000000001,0.94545,,0.0,0.889
228,0.728438,0.65615,,0.0,1.0
229,4.325645,0.98567,0.973,-9.02,0.001
230,1.343324,0.24586,0.776,-2.63,0.009000000000000001
231,3.4669790000000003,0.98744,0.804,-4.97,0.0
232,3.965301,0.9925,0.954,-6.7,0.001
233,3.995453,0.99046,0.854,-6.29,0.0
234,5.558929,,0.458,,
235,nan,nan,nan,,
236,0.218754,0.04217,nan,,
237,3.8213220000000003,nan,nan,,
238,4.513954,0.9953,0.758,-6.71,0.0
239,0.142874,0.08427,0.06,-0.6,0.188
240,4.05692,0.95299,0.62,-6.36,0.0
241,1.704293,0.8601,0.266,-0.23,0.505
242,4.939102,nan,nan,,
243,1.2905739999999999,0.09762,0.465,-1.96,0.059000000000000004
244,0.249036,0.28907,nan,,
245,4.368733,0.96778,0.934,-5.88,0.027000000000000003
246,0.41663999999999995,0.00885,nan,,
247,4.199562,0.9863200000000001,0.916,-9.61,0.0
248,6.067391000000001,0.95363,0.878,,
249,-0.566206,0.0029,0.038,-2.58,0.018000000000000002
250,5.361358,nan,nan,,
251,0.213306,0.16322,nan,,
252,5.266036,0.9697399999999999,0.951,,
253,4.036404,0.9899,0.78,-4.51,0.002
254,2.8256799999999997,0.9652,0.947,-2.63,0.069
255,3.9461190000000004,0.9860200000000001,0.569,-3.73,0.001
256,4.227047,0.9893299999999999,0.41,-2.84,0.317
257,4.303313,0.9476700000000001,0.936,-4.58,0.003
258,nan,nan,0.2,-4.56,
259,2.755563,0.9768100000000001,0.622,-1.89,0.07200000000000001
260,nan,nan,0.39,,
261,2.207153,nan,nan,-12.35,
262,4.025414,0.9892200000000001,0.955,-7.49,0.0
263,7.0637039999999995,0.67391,0.136,,
264,3.110291,0.53198,0.973,-5.11,0.0
265,7.708896000000001,0.84626,0.44,,
266,1.6829459999999998,nan,0.461,-1.25,0.012
267,6.9488259999999995,0.87771,0.238,,
268,3.746549,0.82121,0.99,-7.59,0.0
269,4.110653,0.96049,0.828,-1.92,0.006
270,2.6443950000000003,0.9172,0.821,-2.32,0.036000000000000004
271,3.63635,nan,nan,,
272,4.128480000000001,0.99359,0.981,-5.83,0.0
273,0.8597030000000001,0.006790000000000001,0.042,-0.38,0.97
274,3.635478,0.9811,0.864,-5.21,0.001
275,1.697973,0.10976,0.24,-1.08,0.002
276,3.325543,0.20481,0.046,-3.29,0.001
277,4.050573,0.99066,0.907,-5.73,0.004
278,3.7050660000000004,0.97665,0.399,-3.77,0.003
279,-0.713098,0.01048,0.097,-0.5,0.187
280,0.776302,0.05872,,0.0,1.0
281,3.976034,0.9643299999999999,0.531,-0.98,0.004
282,0.50484,0.16099000000000002,0.131,-1.42,0.099
283,0.5707479999999999,0.17055,,0.0,1.0
284,3.289039,0.93566,0.326,-2.21,0.002
285,3.436786,0.9334600000000001,0.317,-1.59,0.01
286,1.983121,0.45691000000000004,0.293,-0.31,0.005
287,nan,nan,nan,,
288,0.9249780000000001,0.26074,nan,,
289,nan,nan,nan,,
290,2.695362,0.6412100000000001,0.329,0.58,1.0
291,4.060771,0.9858299999999999,0.836,-5.05,0.022000000000000002
292,4.132385,0.99708,0.989,-4.96,0.0
293,nan,nan,0.904,,
294,2.882943,0.97701,0.321,-0.68,0.19399999999999998
295,3.931834,0.15367999999999998,0.708,,
296,3.976204,0.9837899999999999,0.863,-8.56,0.0
297,3.634907,0.85582,0.691,-1.73,0.005
298,4.414204,0.99155,0.958,-4.57,0.0
299,6.955203999999999,0.8863200000000001,0.923,,
300,4.289632,0.90275,0.879,-7.9,0.091
301,3.5072400000000004,0.9638200000000001,0.697,-2.3,0.012
302,1.267566,0.35344000000000003,,0.0,1.0
303,-0.7470760000000001,0.3212,0.083,,
304,nan,nan,0.484,,
305,0.11561700000000001,0.01093,nan,,
306,4.616929,0.98944,0.975,-7.67,0.0
307,7.57188,0.9313600000000001,0.939,,
308,5.12265,nan,nan,,
309,2.608632,0.98736,0.858,-1.52,0.12
310,7.157615,0.98964,0.486,,
311,4.045401999999999,0.97898,0.886,-7.24,0.001
312,3.788909,0.9885,0.836,-4.02,0.006999999999999999
313,1.314835,0.02122,0.243,-2.03,0.004
314,2.702393,0.8754,0.303,-1.23,0.01
315,3.9986059999999997,0.9845700000000001,0.568,-5.54,0.001
316,4.365065,0.8612,0.986,-6.9,0.0
317,3.645939,0.9774799999999999,0.839,-3.22,0.003
318,4.011094,0.96775,0.783,-2.88,0.045
319,0.677728,0.17717,nan,,
320,2.673834,0.91643,0.434,-2.43,0.0
321,3.947392,0.965,0.997,-7.26,0.0
322,3.960008,0.9545399999999999,0.894,-4.86,0.001
323,3.5786919999999998,0.9868899999999999,0.679,-6.01,0.0
324,4.267277,0.9743700000000001,0.954,-4.7,0.001
325,9.471055999999999,0.9626399999999999,0.476,,
326,4.45578,nan,nan,,
327,2.897516,0.96345,0.66,-2.43,0.002
328,3.779472,0.9434600000000001,0.897,-7.06,0.0
329,3.276785,0.64095,0.561,-1.59,0.0
330,1.515013,0.73803,0.393,,
331,2.739193,0.8589,0.78,-4.32,0.01
332,3.676456,0.98005,0.885,-4.53,0.001
333,nan,,nan,,
334,3.70381,0.98577,0.778,-12.06,0.0
335,3.923313,0.93914,0.99,-7.81,0.0
336,nan,nan,nan,,
337,2.397882,0.9442799999999999,0.311,0.06,0.313
338,4.078596,0.99784,0.843,-3.68,0.002
339,nan,nan,0.219,,
340,nan,nan,0.91,,
341,0.125134,0.031869999999999996,,0.0,1.0
342,7.029439,0.81834,0.815,,
343,0.47057899999999997,0.73758,,0.0,1.0
344,5.052415,0.22075,0.926,,
345,3.9826580000000003,0.9893200000000001,0.891,-3.36,0.10300000000000001
346,0.073398,0.01685,0.084,-0.45,0.006
347,-0.031737,0.12149000000000001,nan,,
348,4.084086,0.94085,0.983,-6.25,0.001
349,nan,nan,nan,,
350,2.310814,0.47688,0.597,-0.8,0.0
351,nan,,nan,,
352,5.066383999999999,0.00128,0.063,,
353,3.933958,0.9857899999999999,0.854,-3.77,0.0
354,8.323207,0.98534,0.966,,
355,5.532895,0.97649,0.811,,
356,4.156929,0.98172,0.94,-9.03,0.001
357,0.863492,0.6885600000000001,0.115,-0.42,0.18100000000000002
358,1.66029,0.77969,0.297,-2.0,0.046
359,nan,nan,0.36,,
360,nan,nan,nan,,
361,-0.090851,0.7658699999999999,,0.0,1.0
362,0.024346,0.0007099999999999999,nan,,
363,3.6659040000000003,0.9833200000000001,0.975,-8.68,0.0
364,2.584895,0.95001,0.226,-1.21,0.14800000000000002
365,3.293797,0.5901,0.252,-5.57,0.0
366,0.5377350000000001,0.8697799999999999,,0.0,1.0
367,2.372132,0.74578,0.19,-0.99,0.001
368,3.673088,0.98865,0.939,-4.03,0.006999999999999999
369,0.5838260000000001,0.00494,nan,,
370,3.808583,0.99141,0.889,-3.5,0.002
371,6.4173029999999995,0.9266200000000001,0.773,,
372,2.734233,0.96601,0.309,-1.98,0.198
373,0.346622,0.46016999999999997,,0.0,0.25
374,3.6525870000000005,nan,0.224,-2.74,0.0
375,3.948603,0.99546,0.878,-2.73,0.005
376,3.933989,0.9557700000000001,0.76,-3.55,0.002
377,2.363126,0.21035,0.316,-0.8,0.003
378,1.410565,0.81499,0.179,-0.03,0.754
379,2.069633,0.65393,0.658,-0.84,0.016
380,2.061259,0.93191,0.446,-2.35,0.02
381,1.411935,0.69186,0.241,-0.3,0.524
382,3.3658379999999997,0.92074,0.952,-2.83,0.002
383,0.207474,0.03115,nan,0.0,1.0
384,0.354908,0.14955,nan,,
385,0.076201,0.0009199999999999999,nan,,
386,7.222502,0.9876,0.932,,
387,4.215075,0.97111,0.926,-5.78,0.0
388,nan,nan,nan,,
389,4.119519,0.97935,0.995,-6.62,0.0
390,3.6617029999999997,0.94375,0.962,-6.25,0.0
391,3.8518260000000004,0.9595,0.818,-2.67,0.1
392,5.497902,0.9780200000000001,0.792,-2.39,0.015
393,3.4454849999999997,0.9692700000000001,0.723,-3.82,0.005
394,0.155478,0.01636,nan,,
395,7.767952,0.7470100000000001,0.899,,
396,4.511229,0.98195,1.0,-6.6,0.001
397,5.346716000000001,nan,0.635,-7.19,0.005
398,1.1115329999999999,0.8892399999999999,,0.0,1.0
399,3.834489,0.97462,0.711,-3.14,
400,0.538349,0.38301,0.867,-1.5,
401,4.218732,0.96595,0.676,-9.26,0.028999999999999998
402,2.396096,0.9875200000000001,0.744,-1.87,0.17800000000000002
403,0.34421199999999996,0.00732,nan,,
404,3.477179,0.98161,0.986,-5.52,0.001
405,3.3607980000000004,0.9853799999999999,0.919,-0.94,0.054000000000000006
406,nan,nan,nan,,
407,3.775519,0.94106,0.874,-4.13,0.0
408,nan,nan,nan,,
409,4.024024,0.934,0.91,-3.64,0.013999999999999999
410,5.963501,0.9954,0.889,,
411,nan,nan,0.192,,
412,3.067352,0.61245,nan,,
413,0.442884,0.2839,,0.0,1.0
414,4.145884,0.9914799999999999,0.953,-2.82,0.0
415,0.0058460000000000005,0.56345,,0.0,0.77
416,nan,nan,0.773,,
417,4.3235019999999995,0.99251,0.967,-5.17,0.001
418,2.673834,0.91643,0.434,-2.43,0.0
419,4.265667,0.99479,0.832,-6.7,0.001
420,3.879814,0.9256700000000001,0.667,-3.95,0.002
421,3.8753589999999996,0.99035,0.961,-3.27,0.003
422,2.969929,0.9923200000000001,0.724,-2.66,0.019
423,2.0808880000000003,0.8026300000000001,0.417,-0.81,0.017
424,nan,nan,nan,,
425,4.771923,0.97959,0.898,-3.9,0.0
426,3.955375,0.97372,0.984,-6.8,0.0
427,3.556125,0.77347,0.253,-2.01,0.005
428,6.327457,0.008579999999999999,0.379,,
429,-0.238484,0.04082,nan,,
430,nan,nan,nan,,
431,3.516394,0.96621,0.962,-5.64,0.001
432,5.183591000000001,nan,nan,,
433,3.730529,0.98449,0.585,-4.17,0.003
434,4.212289,0.98765,0.946,-8.24,0.0
435,nan,nan,0.891,,
436,-0.440666,0.00656,0.137,-0.54,0.126
437,3.70909,0.8840100000000001,0.93,-4.6,0.0
438,6.4173029999999995,0.9266200000000001,0.773,,
439,1.8181740000000002,nan,0.393,-1.27,0.012
440,4.425607,0.95429,0.937,-6.93,0.0
441,1.476143,0.8588399999999999,0.095,-0.22,0.213
442,1.660641,0.86797,0.09,-1.96,0.017
443,4.300949,0.98803,0.873,-5.78,0.002
444,4.37603,0.8783,0.897,-5.13,0.0
445,2.691768,0.9766799999999999,0.658,-2.24,0.369
446,0.930659,0.90686,,0.0,1.0
447,1.3034290000000002,0.84225,0.233,-1.38,0.046
448,-0.345584,0.00014,nan,,
449,1.5228469999999998,0.0124,0.16,-2.48,0.213
450,0.6351829999999999,0.08348,0.765,-1.56,0.031
451,4.159395,0.9942799999999999,0.888,-1.9,0.034
452,3.919451,0.9917799999999999,0.911,-5.87,0.0
453,7.899995,0.96493,0.459,,
454,0.21500300000000003,0.01785,nan,,
455,8.113686,0.9954299999999999,0.511,,
456,0.333084,0.0042899999999999995,nan,,
457,7.415399000000001,0.92719,0.86,,
458,2.872445,0.78574,0.981,-6.57,0.001
459,3.9003120000000004,0.94486,0.955,-1.5,
460,4.286821,0.9928100000000001,0.968,-7.06,0.0
461,2.725589,0.99295,0.822,-0.28,0.7390000000000001
462,1.7863689999999999,0.15188,,0.0,0.797
463,5.532076999999999,0.9785799999999999,0.845,-3.67,
464,nan,nan,0.798,,
465,3.3764160000000003,0.9549799999999999,0.573,-3.02,0.011000000000000001
466,nan,nan,0.626,,
467,2.3003169999999997,0.9297700000000001,0.422,-0.69,0.055999999999999994
468,1.678466,0.7664,nan,,
469,4.022086,0.56092,0.739,-3.12,0.038
470,3.67613,0.87469,nan,-7.5,0.0
471,nan,nan,0.107,,
472,0.00519,0.00237,nan,,
473,3.1036919999999997,0.9805299999999999,nan,-4.09,0.04
